/*
 Navicat Premium Data Transfer

 Source Server         : localhost_3306
 Source Server Type    : MySQL
 Source Server Version : 50739 (5.7.39-log)
 Source Host           : localhost:3306
 Source Schema         : easymusic3

 Target Server Type    : MySQL
 Target Server Version : 50739 (5.7.39-log)
 File Encoding         : 65001

 Date: 07/09/2025 19:42:55
*/

SET NAMES utf8mb4;
SET FOREIGN_KEY_CHECKS = 0;

-- ----------------------------
-- Table structure for music_creation
-- ----------------------------
DROP TABLE IF EXISTS `music_creation`;
CREATE TABLE `music_creation`  (
  `creation_id` varchar(15) CHARACTER SET utf8mb4 COLLATE utf8mb4_general_ci NOT NULL COMMENT '创作ID',
  `user_id` varchar(12) CHARACTER SET utf8mb4 COLLATE utf8mb4_general_ci NOT NULL COMMENT '用户ID',
  `prompt` varchar(500) CHARACTER SET utf8mb4 COLLATE utf8mb4_general_ci NOT NULL COMMENT '提示词',
  `lyrics` varchar(1500) CHARACTER SET utf8mb4 COLLATE utf8mb4_general_ci NULL DEFAULT NULL COMMENT '歌词',
  `model` varchar(15) CHARACTER SET utf8mb4 COLLATE utf8mb4_general_ci NOT NULL COMMENT '模型',
  `music_type` tinyint(1) NOT NULL DEFAULT 0 COMMENT '音乐类型 0:音乐 1:纯音乐',
  `mode_type` tinyint(1) NULL DEFAULT NULL COMMENT '模式 0:简单模式 1:专家模式',
  `settings` varchar(500) CHARACTER SET utf8mb4 COLLATE utf8mb4_general_ci NULL DEFAULT NULL COMMENT '设置信息',
  `create_time` datetime NULL DEFAULT NULL COMMENT '创建时间',
  PRIMARY KEY (`creation_id`) USING BTREE
) ENGINE = InnoDB CHARACTER SET = utf8mb4 COLLATE = utf8mb4_general_ci COMMENT = '音乐创作信息' ROW_FORMAT = DYNAMIC;

-- ----------------------------
-- Records of music_creation
-- ----------------------------
INSERT INTO `music_creation` VALUES ('5GJltCRjZC6EMQI', '100000000000', '使用流行爵士风格写一首名为“离别开出花”的歌', NULL, 'V3.5', 0, 0, NULL, '2025-08-31 11:12:28');
INSERT INTO `music_creation` VALUES ('7So8DVIUdsDWttT', '100000000000', '写一首关于冬日初雪的宁静之歌，使用民谣风格', NULL, 'V3', 0, 0, '{\"musicEmotion\":null,\"musicGener\":null,\"musicSex\":null}', '2025-09-07 09:58:28');
INSERT INTO `music_creation` VALUES ('7XUlzgUlk2C7KYt', '100000000000', '逃跑计划', '夜空中最亮的星 能否听清\r\n那仰望的人 心底的孤独和叹息\r\n夜空中最亮的星 能否记起\r\n曾与我同行 消失在风里的身影\r\n\r\n我祈祷拥有一颗透明的心灵\r\n和会流泪的眼睛\r\n给我再去相信的勇气\r\n越过谎言去拥抱你\r\n\r\n每当我找不到存在的意义\r\n每当我迷失在黑夜里\r\n夜空中最亮的星\r\n请指引我靠近你\r\n\r\n夜空中最亮的星 是否知道\r\n曾与我同行的身影 如今在哪里\r\n夜空中最亮的星 是否在意\r\n是等太阳升起 还是意外先来临\r\n\r\n我宁愿所有痛苦都留在心里\r\n也不愿忘记你的眼睛\r\n给我再去相信的勇气\r\n越过谎言去拥抱你\r\n\r\n每当我找不到存在的意义\r\n每当我迷失在黑夜里\r\n夜空中最亮的星\r\n请照亮我前行\r\n\r\n我祈祷拥有一颗透明的心灵\r\n和会流泪的眼睛\r\n给我再去相信的勇气\r\n越过谎言去拥抱你\r\n\r\n每当我找不到存在的意义\r\n每当我迷失在黑夜里\r\n夜空中最亮的星\r\n请照亮我前行\r\n\r\n夜空中最亮的星 能否听清\r\n那仰望的人 心底的孤独和叹息', 'V3.5', 0, 1, NULL, '2025-08-31 07:31:28');
INSERT INTO `music_creation` VALUES ('8IkIPG2nbszpgam', '100000000000', '需要一首作为美食纪录片的配乐，是中国菜系，希望歌曲有中国韵味。', NULL, 'V3.5', 1, 0, NULL, '2025-08-31 20:00:18');
INSERT INTO `music_creation` VALUES ('e2IOrDK32zUviza', '100000000000', '大展宏图写一首歌曲', '(副歌 - 气势磅礴，可以加入和声)\r\n我！们！大！展！鸿！图！(大展鸿图！)\r\n齐心协力！不怕辛苦！(不怕辛苦！)\r\n共创辉煌！赢在未来！(赢在未来！)\r\n我们是必胜的队伍！(轰！隆！)\r\n\r\n(主歌 A)\r\n一个人的力量有限，团队是汪洋大海\r\n你出谋来我划策，把难题统统破解\r\n加班加点不怕累，只为把项目干得美\r\n年底庆功举酒杯，硕果属于每一辈！\r\n\r\n(副歌重复)\r\n我！们！大！展！鸿！图！(大展鸿图！)\r\n齐心协力！不怕辛苦！(不怕辛苦！)\r\n共创辉煌！赢在未来！(赢在未来！)\r\n我们是必胜的队伍！(轰！隆！)\r\n\r\n(Rap 段)\r\nYo！ check it out！\r\n从 marketing 到技术，每个部门在加速\r\n销量数据像瀑布，对手看得都羡慕\r\n感谢兄弟和姐妹，付出每一份心血\r\n今年再创新业绩，让全世界都看见！', 'V3.5', 0, 1, NULL, '2025-08-31 07:31:16');
INSERT INTO `music_creation` VALUES ('HHLJbg5PhnyKP9R', '100000000000', '创作一首充满力量的说唱，传递正能量与不屈精神', NULL, 'V3.5', 0, 0, NULL, '2025-08-31 11:19:58');
INSERT INTO `music_creation` VALUES ('IPfI6lXWxn2DKEK', '100000000000', '创作一首适合雨天聆听的民谣', NULL, 'V3.5', 0, 0, NULL, '2025-08-31 07:40:22');
INSERT INTO `music_creation` VALUES ('j6mzqUc09Okaemx', '100000000000', '创作一首说唱曲，回忆那些远去的小镇与童年', NULL, 'V3.5', 0, 0, NULL, '2025-08-31 07:39:58');
INSERT INTO `music_creation` VALUES ('kpozKkxvoR2rPox', '100000000000', '码农为背景写一首歌', NULL, 'V3.5', 0, 0, NULL, '2025-08-31 07:30:42');
INSERT INTO `music_creation` VALUES ('kSkYepBH9rMoiu9', '100000000000', '一首关于洗衣机和烘干机之间爱情故事的歌曲', NULL, 'V3.5', 0, 0, NULL, '2025-08-31 11:19:25');
INSERT INTO `music_creation` VALUES ('ljeyDzgYfDIF4l0', '100000000000', '一生不变', '一幽风飞散发 披肩\r\n眼里散发一丝 恨怨\r\n像要告诉我 你此生不变\r\n眉宇间刺痛 匆匆暗闪\r\n\r\n忧忧戚戚循环 不断\r\n冷冷暖暖一片 茫然\r\n视线碰上你 怎不心软\r\n唯有狠心再多讲 讲一遍\r\n\r\n苍天不解恨怨\r\n痴心爱侣仍难如愿\r\n分开虽不可改变\r\n但更珍惜一刻目前\r\n\r\n可知分开越远\r\n心中对你更觉挂牵\r\n可否知痴心一片\r\n就算分开一生不变\r\n\r\n反反复复多次 失恋\r\n进进退退想到 从前\r\n让我再吻你 吻多一遍\r\n别了不知哪一天再相见\r\n\r\n苍天不解恨怨\r\n痴心爱侣仍难如愿\r\n分开虽不可改变\r\n但更珍惜一刻目前\r\n\r\n可知分开越远\r\n心中对你更觉挂牵\r\n可否知痴心一片\r\n就算分开一生不变\r\n\r\n反反复复多次 失恋\r\n进进退退想到 从前\r\n让我再吻你 吻多一遍\r\n别了不知哪一天再相见', 'V3.5', 0, 1, NULL, '2025-08-31 07:32:02');
INSERT INTO `music_creation` VALUES ('n3TkpvEaGZFku1A', '100000000000', '致所有奔赴未来的学子', NULL, 'V3.5', 0, 0, NULL, '2025-08-31 11:23:52');
INSERT INTO `music_creation` VALUES ('N84P9EuPFpnmZtR', '100000000000', '为城市夜生活谱写一首音乐', NULL, 'V3.5', 0, 0, NULL, '2025-08-31 11:13:22');
INSERT INTO `music_creation` VALUES ('nvxWgvyH9cYEjuY', '100000000000', '一首适合在秋季播放的音乐，情绪忧愁，流行或民谣风格', NULL, 'V3.5', 0, 0, NULL, '2025-08-31 11:12:42');
INSERT INTO `music_creation` VALUES ('o35ArriM4BzKCyK', '100000000000', '使用流行爵士风格写一首名为“离别开出花”的歌', NULL, 'V3.5', 0, 0, NULL, '2025-08-31 11:17:03');
INSERT INTO `music_creation` VALUES ('OLZ5KeFJaOob3AN', '100000000000', '一首适合在秋季播放的音乐，情绪忧愁，流行或民谣风格', NULL, 'V3.5', 0, 0, NULL, '2025-08-31 11:17:40');
INSERT INTO `music_creation` VALUES ('pTHsitHBWIzA87h', '100000000000', '需要一首适合深夜驾驶的放克音乐，情绪欢快、活泼', NULL, 'V3.5', 0, 0, NULL, '2025-08-31 11:24:13');
INSERT INTO `music_creation` VALUES ('r0aUpgKzrXZgn1Q', '100000000000', '为一次热气球之旅打造梦幻升空的旋律', NULL, 'V3', 0, 0, '{\"musicEmotion\":null,\"musicGener\":null,\"musicSex\":null}', '2025-09-07 09:49:27');
INSERT INTO `music_creation` VALUES ('R8d7LlMbbq6ryAv', '100000000000', '一首充满力量的主题曲，强烈的嗓音和鼓舞人心的节拍，讲述一起征', NULL, 'V3', 0, 0, '{\"musicEmotion\":null,\"musicGener\":null,\"musicSex\":null}', '2025-09-07 10:23:09');
INSERT INTO `music_creation` VALUES ('RFKKIwhYdLx7DfO', '100000000000', '七里香', '窗外的麻雀在电线杆上多嘴\r\n你说这一句很有夏天的感觉\r\n手中的铅笔在纸上来来回回\r\n我用几行字形容你是我的谁\r\n\r\n秋刀鱼的滋味猫跟你都想了解\r\n初恋的香味就这样被我们寻回\r\n那温暖的阳光像刚摘的鲜艳草莓\r\n你说你舍不得吃掉这一种感觉\r\n\r\n雨下整夜我的爱溢出就像雨水\r\n院子落叶跟我的思念厚厚一叠\r\n几句是非也无法将我的热情冷却\r\n你出现在我诗的每一页\r\n\r\n雨下整夜我的爱溢出就像雨水\r\n窗台蝴蝶像诗里纷飞的美丽章节\r\n我接着写\r\n把永远爱你写进诗的结尾\r\n你是我唯一想要的了解\r\n\r\n雨下整夜我的爱溢出就像雨水\r\n院子落叶跟我的思念厚厚一叠\r\n几句是非也无法将我的热情冷却\r\n你出现在我诗的每一页\r\n\r\n那饱满的稻穗幸福了这个季节\r\n而你的脸颊像田里熟透的番茄\r\n你突然对我说七里香的名字很美\r\n我此刻却只想亲吻你倔强的嘴\r\n\r\n雨下整夜我的爱溢出就像雨水\r\n院子落叶跟我的思念厚厚一叠\r\n几句是非也无法将我的热情冷却\r\n你出现在我诗的每一页\r\n\r\n整夜我的爱溢出就像雨水\r\n窗台蝴蝶像诗里纷飞的美丽章节\r\n我接着写\r\n把永远爱你写进诗的结尾\r\n你是我唯一想要的了解', 'V3.5', 0, 1, NULL, '2025-08-31 07:31:35');
INSERT INTO `music_creation` VALUES ('SZHiTTrXUsrFKME', '243091801061', '一首充满力量的主题曲，强烈的嗓音和鼓舞人心的节拍，讲述一起征', NULL, 'V3', 0, 0, '{\"musicEmotion\":null,\"musicGener\":null,\"musicSex\":null}', '2025-08-31 20:28:06');
INSERT INTO `music_creation` VALUES ('UbapUI3WFfpzv3v', '100000000000', '生成一个适合午睡的音乐，催眠的。', NULL, 'V3.5', 1, 0, NULL, '2025-08-31 07:34:12');
INSERT INTO `music_creation` VALUES ('UQNrH6OVNtPwMyE', '100000000000', '秋日落叶，回忆与思念交织，古风感', NULL, 'V3.5', 0, 0, NULL, '2025-08-31 11:19:40');
INSERT INTO `music_creation` VALUES ('VMdmokFytZH26y0', '100000000000', '夏天的风', '主歌1:\r\n七月的午后，阳光很透明\r\n冰镇汽水冒泡，声音很好听\r\n我靠在窗边，看云朵慢慢旅行\r\n忽然想起你，笑得很晴\r\n\r\n副歌:\r\n夏天的风，是柠檬味的冰\r\n滑过秋千，绕过单车铃\r\n我看见你奔跑的白色衣领\r\n和身后一片，湛蓝的天晴\r\n\r\n主歌2:\r\n蝉鸣是夏天，不变的背景\r\n我们躲在树荫，聊着明星\r\n你突然沉默，数着地上的蚂蚁\r\n我偷偷看着，你的眼睛\r\n\r\n(副歌重复)', 'V3.5', 0, 1, NULL, '2025-08-31 07:39:27');
INSERT INTO `music_creation` VALUES ('WPXQMEDIj44DYAR', '100000000000', '春日早晨，鸟鸣与花香交织', NULL, 'V3', 0, 1, '{\"musicEmotion\":\"放松,快乐\",\"musicGener\":\"流行\",\"musicSex\":\"女声\"}', '2025-08-31 07:14:57');
INSERT INTO `music_creation` VALUES ('zRoOHamHq6qG8gK', '100000000000', '用悲伤的基调写一首关于青春的流行曲', NULL, 'V3.5', 0, 0, NULL, '2025-08-31 10:47:36');

-- ----------------------------
-- Table structure for music_info
-- ----------------------------
DROP TABLE IF EXISTS `music_info`;
CREATE TABLE `music_info`  (
  `music_id` varchar(12) CHARACTER SET utf8mb4 COLLATE utf8mb4_general_ci NOT NULL COMMENT '音乐ID',
  `user_id` varchar(12) CHARACTER SET utf8mb4 COLLATE utf8mb4_general_ci NOT NULL COMMENT '用户ID',
  `task_id` varchar(50) CHARACTER SET utf8mb4 COLLATE utf8mb4_general_ci NOT NULL COMMENT '任务ID',
  `creation_id` varchar(15) CHARACTER SET utf8mb4 COLLATE utf8mb4_general_ci NOT NULL COMMENT '创作ID',
  `music_title` varchar(30) CHARACTER SET utf8mb4 COLLATE utf8mb4_general_ci NULL DEFAULT NULL COMMENT '标题',
  `cover` varchar(150) CHARACTER SET utf8mb4 COLLATE utf8mb4_general_ci NULL DEFAULT NULL COMMENT '封面',
  `audio_path` varchar(150) CHARACTER SET utf8mb4 COLLATE utf8mb4_general_ci NULL DEFAULT NULL COMMENT '音乐地址',
  `duration` int(11) NULL DEFAULT NULL COMMENT '持续时间',
  `lyrics` text CHARACTER SET utf8mb4 COLLATE utf8mb4_general_ci NULL COMMENT '歌词',
  `play_count` int(11) NULL DEFAULT 0 COMMENT '播放数量',
  `good_count` int(11) NULL DEFAULT 0 COMMENT '点赞数',
  `commend_type` tinyint(1) NULL DEFAULT 0 COMMENT '0:未推荐 1:已推荐',
  `create_time` datetime NULL DEFAULT NULL COMMENT '创建时间',
  `music_status` tinyint(1) NULL DEFAULT 0 COMMENT '0:生成音乐中 1:生成完毕',
  `music_type` tinyint(1) NOT NULL DEFAULT 0 COMMENT '音乐类型 0:音乐 1:纯音乐',
  PRIMARY KEY (`music_id`) USING BTREE,
  UNIQUE INDEX `idx_key_task_id`(`task_id`) USING BTREE
) ENGINE = InnoDB CHARACTER SET = utf8mb4 COLLATE = utf8mb4_general_ci COMMENT = '音乐信息' ROW_FORMAT = DYNAMIC;

-- ----------------------------
-- Records of music_info
-- ----------------------------
INSERT INTO `music_info` VALUES ('060840264222', '100000000000', 'ltm__SPYT8irqSXV5RZssO', 'N84P9EuPFpnmZtR', '城市夜语 ', '202508/kbexCsgyhsLtGf6rflg5AmHRqqzNWN.png', '202508/j0pTNSBRrSL5hcK9PXRyMY7UlyLxOZ.mp3', 264, '[{\"start\":40.743,\"end\":45.1,\"text\":\"街灯闪烁映着城市光辉\"},{\"start\":46.604,\"end\":50.6,\"text\":\"巷口风声诉说深夜的美\"},{\"start\":52.524,\"end\":56.95,\"text\":\"车轮滚动拍打节奏无悔\"},{\"start\":58.504,\"end\":62.6,\"text\":\"霓虹作伴点燃冷月余晖\"},{\"start\":64.085,\"end\":68.8,\"text\":\"高楼伫立如同夜的堡垒\"},{\"start\":70.365,\"end\":74.75,\"text\":\"人群穿梭不问梦的虚伪\"},{\"start\":76.286,\"end\":80.9,\"text\":\"步履匆匆追逐欲望的轨\"},{\"start\":82.186,\"end\":86.35,\"text\":\"这片街区留下故事的灰\"},{\"start\":87.027,\"end\":90.67,\"text\":\"夜色如潮吞没喧嚣\"},{\"start\":91.087,\"end\":95.7,\"text\":\"脚步沉稳划破寂寥\"},{\"start\":97.047,\"end\":102.68,\"text\":\"热血涌动击碎烦恼\"},{\"start\":102.948,\"end\":110.55,\"text\":\"在这城市寻找骄傲\"},{\"start\":162.212,\"end\":166.85,\"text\":\"烟火升腾写下午夜诗篇\"},{\"start\":167.953,\"end\":172.4,\"text\":\"霓虹交织绘出梦的画面\"},{\"start\":174.073,\"end\":179.1,\"text\":\"影子拉长映在街边窗沿\"},{\"start\":179.994,\"end\":184.264,\"text\":\"心跳回响击碎孤独边缘\"},{\"start\":184.314,\"end\":190.2,\"text\":\"耳畔旋律点燃激情瞬间\"},{\"start\":191.875,\"end\":196.3,\"text\":\"欲望翻涌冲破规则界限\"},{\"start\":197.335,\"end\":202.25,\"text\":\"这片天地自由随我支配\"},{\"start\":203.675,\"end\":207.9,\"text\":\"夜晚成为最真实的宣言\"},{\"start\":209.616,\"end\":214.55,\"text\":\"街角微光照亮未来\"},{\"start\":215.216,\"end\":220.15,\"text\":\"热浪涌动无法掩盖\"},{\"start\":221.497,\"end\":226.89,\"text\":\"人群中穿梭每一载\"},{\"start\":227.037,\"end\":232.0,\"text\":\"用脚步踏出新节拍\"}]', 3723, 0, 1, '2025-08-31 11:13:29', 1, 0);
INSERT INTO `music_info` VALUES ('100520497267', '100000000000', 'ltm__EPzT-HW1-gHRqgRFl', 'VMdmokFytZH26y0', '夏天的风', '202508/h3760ypqyHTOHJJhl0wcdTyxuppYSj.png', '202508/B0rS8h2jo9BkZCbHnntZWWZiG8JJnC.mp3', 110, '[{\"start\":0.28,\"end\":11.322,\"text\":\"七月的午后\"},{\"start\":11.342,\"end\":13.5,\"text\":\"阳光很透明\"},{\"start\":13.823,\"end\":15.45,\"text\":\"冰镇汽水冒泡\"},{\"start\":16.343,\"end\":17.913,\"text\":\"声音很好听\"},{\"start\":17.963,\"end\":19.9,\"text\":\"我靠在窗边\"},{\"start\":21.624,\"end\":25.25,\"text\":\"看云朵慢慢旅行\"},{\"start\":26.325,\"end\":28.135,\"text\":\"忽然想起你\"},{\"start\":28.185,\"end\":32.45,\"text\":\"笑得很晴\"},{\"start\":32.586,\"end\":34.81,\"text\":\"夏天的风\"},{\"start\":35.106,\"end\":37.04,\"text\":\"是柠檬味的冰\"},{\"start\":38.247,\"end\":39.85,\"text\":\"滑过秋千\"},{\"start\":40.127,\"end\":41.938,\"text\":\"绕过单车铃\"},{\"start\":41.988,\"end\":47.0,\"text\":\"我看见你奔跑的白色衣领\"},{\"start\":47.649,\"end\":52.28,\"text\":\"和身后一片湛蓝的天晴\"},{\"start\":63.852,\"end\":65.47,\"text\":\"蝉鸣是夏天\"},{\"start\":65.772,\"end\":67.95,\"text\":\"不变的背景\"},{\"start\":68.873,\"end\":71.1,\"text\":\"我们躲在树荫\"},{\"start\":73.893,\"end\":75.55,\"text\":\"聊着明星\"},{\"start\":76.694,\"end\":78.56,\"text\":\"你突然沉默\"},{\"start\":78.874,\"end\":80.705,\"text\":\"数着地上的蚂蚁\"},{\"start\":80.755,\"end\":85.61,\"text\":\"我偷偷看着你的眼睛\"},{\"start\":85.736,\"end\":87.33,\"text\":\"夏天的风\"},{\"start\":87.616,\"end\":89.6,\"text\":\"是柠檬味的冰\"},{\"start\":90.716,\"end\":92.35,\"text\":\"滑过秋千\"},{\"start\":92.617,\"end\":94.467,\"text\":\"绕过单车铃\"},{\"start\":94.517,\"end\":99.55,\"text\":\"我看见你奔跑的白色衣领\"},{\"start\":100.138,\"end\":105.7,\"text\":\"和身后一片湛蓝的天晴\"}]', 4563, 0, 0, '2025-08-31 07:39:30', 1, 0);
INSERT INTO `music_info` VALUES ('113200536948', '100000000000', 'ltm__dPOTfHn1fXDV1e4B6', '7XUlzgUlk2C7KYt', '逃跑计划', '202508/NkHBup1WGakraUGRwNyKrdHirdulxo.png', '202508/YwMECv3Mekr8NOXnTKaiQXO0i5OxuC.mp3', 201, '[{\"start\":0.2,\"end\":2.55,\"text\":\"夜空中最亮的星\"},{\"start\":2.98,\"end\":4.56,\"text\":\"能否听清\"},{\"start\":4.76,\"end\":6.46,\"text\":\"那仰望的人\"},{\"start\":8.361,\"end\":12.79,\"text\":\"心底的孤独和叹息\"},{\"start\":16.242,\"end\":18.59,\"text\":\"夜空中最亮的星\"},{\"start\":18.962,\"end\":20.6,\"text\":\"能否记起\"},{\"start\":22.942,\"end\":24.35,\"text\":\"曾与我同行\"},{\"start\":24.422,\"end\":29.1,\"text\":\"消失在风里的身影\"},{\"start\":34.703,\"end\":38.57,\"text\":\"我祈祷拥有一颗透明的心灵\"},{\"start\":38.924,\"end\":42.59,\"text\":\"和会流泪的眼睛\"},{\"start\":42.924,\"end\":46.28,\"text\":\"给我再去相信的勇气\"},{\"start\":46.965,\"end\":50.52,\"text\":\"越过谎言去拥抱你\"},{\"start\":50.945,\"end\":54.59,\"text\":\"每当我找不到存在的意义\"},{\"start\":54.945,\"end\":58.54,\"text\":\"每当我迷失在黑夜里\"},{\"start\":58.966,\"end\":61.09,\"text\":\"夜空中最亮的星\"},{\"start\":61.426,\"end\":65.0,\"text\":\"请指引我靠近你\"},{\"start\":80.228,\"end\":82.54,\"text\":\"夜空中最亮的星\"},{\"start\":82.968,\"end\":84.528,\"text\":\"是否知道\"},{\"start\":87.669,\"end\":90.66,\"text\":\"曾与我同行的身影\"},{\"start\":90.969,\"end\":93.52,\"text\":\"如今在哪里\"},{\"start\":96.21,\"end\":98.49,\"text\":\"夜空中最亮的星\"},{\"start\":98.71,\"end\":100.75,\"text\":\"是否在意\"},{\"start\":102.93,\"end\":104.9,\"text\":\"是等太阳升起\"},{\"start\":104.95,\"end\":111.57,\"text\":\"还是意外先来临\"},{\"start\":112.691,\"end\":116.68,\"text\":\"我宁愿所有痛苦都留在心里\"},{\"start\":116.932,\"end\":120.65,\"text\":\"也不愿忘记你的眼睛\"},{\"start\":120.952,\"end\":124.44,\"text\":\"给我再去相信的勇气\"},{\"start\":124.952,\"end\":128.65,\"text\":\"越过谎言去拥抱你\"},{\"start\":128.973,\"end\":132.76,\"text\":\"每当我找不到存在的意义\"},{\"start\":132.993,\"end\":136.65,\"text\":\"每当我迷失在黑夜里\"},{\"start\":136.914,\"end\":139.08,\"text\":\"夜空中最亮的星\"},{\"start\":139.434,\"end\":143.77,\"text\":\"请照亮我前行\"},{\"start\":148.715,\"end\":152.42,\"text\":\"我祈祷拥有一颗透明的心灵\"},{\"start\":152.955,\"end\":156.53,\"text\":\"和会流泪的眼睛\"},{\"start\":156.956,\"end\":160.33,\"text\":\"给我再去相信的勇气\"},{\"start\":160.956,\"end\":164.61,\"text\":\"越过谎言去拥抱你\"},{\"start\":164.956,\"end\":168.63,\"text\":\"每当我找不到存在的意义\"},{\"start\":168.957,\"end\":172.51,\"text\":\"每当我迷失在黑夜里\"},{\"start\":172.957,\"end\":175.03,\"text\":\"夜空中最亮的星\"},{\"start\":175.377,\"end\":179.33,\"text\":\"请照亮我前行\"},{\"start\":182.278,\"end\":184.84,\"text\":\"夜空中最亮的星\"},{\"start\":185.018,\"end\":186.7,\"text\":\"能否听清\"},{\"start\":190.159,\"end\":192.4,\"text\":\"那仰望的人\"},{\"start\":194.059,\"end\":197.1,\"text\":\"心底的孤独和叹息\"}]', 1657, 0, 0, '2025-08-31 07:31:33', 1, 0);
INSERT INTO `music_info` VALUES ('185750977745', '100000000000', 'ltm__8PGTvHr16HVwXVkgh', 'e2IOrDK32zUviza', '大展宏图', '202508/tl2PVW8JG0FOv7nXD5MgfN1zAnOvPV.png', '202508/xOa6mkB2Q0bwErATYsGj0Bb1kDqF5T.mp3', 114, '[{\"start\":0.02,\"end\":3.05,\"text\":\"我们大展鸿图\"},{\"start\":3.561,\"end\":7.5,\"text\":\"齐心协力不怕辛苦\"},{\"start\":8.822,\"end\":12.8,\"text\":\"共创辉煌赢在未来\"},{\"start\":14.082,\"end\":18.7,\"text\":\"我们是必胜的队伍\"},{\"start\":20.944,\"end\":27.1,\"text\":\"一个人的力量有限团队是汪洋大海\"},{\"start\":31.325,\"end\":37.58,\"text\":\"你出谋来我划策把难题统统破解\"},{\"start\":39.527,\"end\":45.05,\"text\":\"加班加点不怕累只为把项目干得美\"},{\"start\":45.388,\"end\":50.82,\"text\":\"年底庆功举酒杯硕果属于每一辈\"},{\"start\":51.249,\"end\":55.25,\"text\":\"我们大展鸿图\"},{\"start\":55.77,\"end\":59.8,\"text\":\"齐心协力不怕辛苦\"},{\"start\":61.011,\"end\":65.5,\"text\":\"共创辉煌赢在未来\"},{\"start\":66.212,\"end\":70.75,\"text\":\"我们是必胜的队伍\"},{\"start\":72.753,\"end\":87.15,\"text\":\"Yo check it out\"},{\"start\":87.735,\"end\":92.5,\"text\":\"从marketing到技术每个部门在加速\"},{\"start\":96.397,\"end\":102.65,\"text\":\"销量数据像瀑布对手看得都羡慕\"},{\"start\":104.038,\"end\":108.35,\"text\":\"感谢兄弟和姐妹付出每一份心血\"},{\"start\":109.219,\"end\":114.0,\"text\":\"今年再创新业绩让全世界都看见\"}]', 4593, 0, 0, '2025-08-31 07:31:19', 1, 0);
INSERT INTO `music_info` VALUES ('259620526889', '100000000000', 'ltm__dPSTxinqrX4VB5sFE', 'nvxWgvyH9cYEjuY', '秋之低语 ', '202508/0WFjYoY9RKUp7M6xauWWS6dPjV5VK4.png', '202508/58ynEoxZrTePhAH36qGrTysKZKF6X1.mp3', 182, '[{\"start\":21.322,\"end\":27.9,\"text\":\"落叶飘零藏不住过往\"},{\"start\":32.084,\"end\":39.65,\"text\":\"冷风轻拂梦里的光芒\"},{\"start\":43.005,\"end\":49.17,\"text\":\"黄昏染红孤单的街巷\"},{\"start\":53.386,\"end\":58.7,\"text\":\"秋的低语诉尽了惆怅\"},{\"start\":63.787,\"end\":69.43,\"text\":\"窗外枝头枯萎了希望\"},{\"start\":70.748,\"end\":74.8,\"text\":\"心事随风卷入旧时光\"},{\"start\":76.388,\"end\":80.75,\"text\":\"远处炊烟模糊了方向\"},{\"start\":81.429,\"end\":87.1,\"text\":\"爱已成诗却无人品尝\"},{\"start\":119.713,\"end\":126.25,\"text\":\"秋天的歌有悲伤回响\"},{\"start\":131.474,\"end\":137.42,\"text\":\"枯黄的叶在诉说流浪\"},{\"start\":141.196,\"end\":150.85,\"text\":\"曾经的暖如今多苍凉\"},{\"start\":151.777,\"end\":158.75,\"text\":\"回忆如风吹碎了念想\"},{\"start\":162.538,\"end\":167.81,\"text\":\"夜色渐浓心被秋染伤\"},{\"start\":168.138,\"end\":172.41,\"text\":\"冷月无言伴孤独徜徉\"},{\"start\":173.659,\"end\":179.22,\"text\":\"岁月静默带走了欢畅\"},{\"start\":179.52,\"end\":181.98,\"text\":\"留下余音在梦里绵长\"}]', 2987, 0, 1, '2025-08-31 11:12:47', 1, 0);
INSERT INTO `music_info` VALUES ('263750282720', '100000000000', 'ltm__rPCTrgj1bmaeqqsmK', 'kpozKkxvoR2rPox', '代码狂想曲 ', '202508/9Fuw5b2y0e1B9zHBxZnESZTEwDMeoQ.png', '202508/EWrcDRhIj5Z0NKZtvO0yG9aI728QM3.mp3', 184, '[{\"start\":0.0,\"end\":4.842,\"text\":\"黑框眼镜是标配\"},{\"start\":4.842,\"end\":9.684,\"text\":\"格子衬衫身上披\"},{\"start\":9.684,\"end\":14.526,\"text\":\"晨起一杯肥宅水\"},{\"start\":14.526,\"end\":19.368,\"text\":\"键盘敲出诗篇序\"},{\"start\":19.368,\"end\":24.211,\"text\":\"if else 循环千万遍\"},{\"start\":24.211,\"end\":29.053,\"text\":\"bug藏在注释里\"},{\"start\":29.053,\"end\":33.895,\"text\":\"产品经理改需求\"},{\"start\":33.895,\"end\":38.737,\"text\":\"眼泪流成流程图\"},{\"start\":38.737,\"end\":43.579,\"text\":\"码农码农狂想曲\"},{\"start\":43.579,\"end\":48.421,\"text\":\"Python, Java, C++\"},{\"start\":48.421,\"end\":53.263,\"text\":\"代码是我的查克拉\"},{\"start\":53.263,\"end\":58.105,\"text\":\"深夜调试如修仙\"},{\"start\":58.105,\"end\":62.947,\"text\":\"码农码农不认输\"},{\"start\":62.947,\"end\":67.789,\"text\":\"键盘敲碎又一块\"},{\"start\":67.789,\"end\":72.632,\"text\":\"谁说我们太呆板?\"},{\"start\":72.632,\"end\":77.474,\"text\":\"算法浪漫胜情书\"},{\"start\":77.474,\"end\":82.316,\"text\":\"咖啡续命到天明\"},{\"start\":82.316,\"end\":87.158,\"text\":\"需求会议像演戏\"},{\"start\":87.158,\"end\":92.0,\"text\":\"Git提交又冲突\"},{\"start\":92.0,\"end\":96.842,\"text\":\"撤回重写三千行\"},{\"start\":96.842,\"end\":101.684,\"text\":\"领导夸我头发多\"},{\"start\":101.684,\"end\":106.526,\"text\":\"其实假发戴得稳\"},{\"start\":106.526,\"end\":111.368,\"text\":\"测试环境总崩盘\"},{\"start\":111.368,\"end\":116.211,\"text\":\"生产线上跳街舞\"},{\"start\":116.211,\"end\":121.053,\"text\":\"码农码农狂想曲\"},{\"start\":121.053,\"end\":125.895,\"text\":\"二进制里谈恋爱\"},{\"start\":125.895,\"end\":130.737,\"text\":\"Bug追着我跑 我当它是小可爱\"},{\"start\":130.737,\"end\":135.579,\"text\":\"码农码农爱自黑\"},{\"start\":135.579,\"end\":140.421,\"text\":\"996里找自在\"},{\"start\":140.421,\"end\":145.263,\"text\":\"回车按下那一刻 世界由我主宰\"},{\"start\":145.263,\"end\":150.105,\"text\":\"（念白）\"},{\"start\":150.105,\"end\":154.947,\"text\":\"小哥～需求加个班?\"},{\"start\":154.947,\"end\":159.789,\"text\":\"不了不了 我要去云南!\"},{\"start\":159.789,\"end\":164.632,\"text\":\"等等!这有免费咖啡～\"},{\"start\":164.632,\"end\":169.474,\"text\":\"……成交 代码是我的浪漫!\"},{\"start\":169.474,\"end\":174.316,\"text\":\"Hello, World是初心 代码江湖任我行\"},{\"start\":174.316,\"end\":179.158,\"text\":\"若问此生何所求?\"},{\"start\":179.158,\"end\":184.0,\"text\":\"求你别再改需求!\"}]', 1153, 0, 0, '2025-08-31 07:30:48', 1, 0);
INSERT INTO `music_info` VALUES ('308668455421', '100000000000', 'ltm__tPpTKivR7gVcgw1af', 'UQNrH6OVNtPwMyE', '秋日思忆 ', '202508/YEuzcMMgRF8Y4iC2W3E5V1dhfsSO6N.png', '202508/722igKdzzUbedAkQNWPKMLhA5VoVtz.mp3', 127, '[{\"start\":23.204,\"end\":26.044,\"text\":\"秋风萧瑟落叶满地\"},{\"start\":26.064,\"end\":28.05,\"text\":\"秋风萧瑟落叶满地\"},{\"start\":28.585,\"end\":32.7,\"text\":\"回忆如潮涌上心头\"},{\"start\":34.525,\"end\":39.436,\"text\":\"曾经笑颜如今何处\"},{\"start\":39.486,\"end\":43.8,\"text\":\"只剩思念伴我独行\"},{\"start\":45.787,\"end\":50.65,\"text\":\"在那秋日黄昏时分\"},{\"start\":51.508,\"end\":55.7,\"text\":\"你我相依漫步林间\"},{\"start\":56.429,\"end\":62.15,\"text\":\"如今只剩落叶纷飞\"},{\"start\":62.43,\"end\":66.8,\"text\":\"思念如酒醉人心扉\"},{\"start\":68.351,\"end\":73.4,\"text\":\"秋雨绵绵湿透衣襟\"},{\"start\":74.112,\"end\":78.75,\"text\":\"回忆如梦难以忘怀\"},{\"start\":79.713,\"end\":84.623,\"text\":\"曾经誓言犹在耳边\"},{\"start\":84.673,\"end\":89.5,\"text\":\"只剩孤单伴我徘徊\"},{\"start\":91.014,\"end\":95.75,\"text\":\"在那秋日黄昏时分\"},{\"start\":96.715,\"end\":101.05,\"text\":\"你我相依漫步林间\"},{\"start\":101.656,\"end\":107.02,\"text\":\"如今只剩落叶纷飞\"},{\"start\":107.657,\"end\":111.85,\"text\":\"思念如酒醉人心扉\"}]', 1803, 0, 1, '2025-08-31 11:19:44', 1, 0);
INSERT INTO `music_info` VALUES ('311585915301', '100000000000', 'ltm__GPhTbifqfXZ4ZX5X9', 'o35ArriM4BzKCyK', '离别之花 ', '202508/srf1lrraIOJbH2ItaCIiZ9noOkiHMn.png', '202508/9to0lQJYIpCWyA3ffmFQEExmmgBL8U.mp3', 194, '[{\"start\":16.962,\"end\":21.95,\"text\":\"街灯映出斑驳的影子\"},{\"start\":24.543,\"end\":29.9,\"text\":\"人群散去留下沉默句子\"},{\"start\":32.323,\"end\":39.55,\"text\":\"回忆在深夜慢慢堆积\"},{\"start\":40.404,\"end\":46.3,\"text\":\"离别的花在心底开了枝\"},{\"start\":48.365,\"end\":54.65,\"text\":\"离别开出花却无人采摘\"},{\"start\":56.026,\"end\":62.3,\"text\":\"悲伤在旋律中悄然徘徊\"},{\"start\":64.187,\"end\":72.9,\"text\":\"时光的车轮无法倒转回来\"},{\"start\":75.188,\"end\":80.17,\"text\":\"只剩余香伴我独自感慨\"},{\"start\":104.531,\"end\":111.9,\"text\":\"细雨轻敲窗外的旧梦境\"},{\"start\":112.772,\"end\":119.25,\"text\":\"思念随风飘向你的身影\"},{\"start\":120.532,\"end\":125.88,\"text\":\"遗憾如琴弦弹奏着共鸣\"},{\"start\":127.933,\"end\":136.02,\"text\":\"离别的花早已失去芳馨\"},{\"start\":140.194,\"end\":150.45,\"text\":\"离别开出花却无人停留\"},{\"start\":151.916,\"end\":159.45,\"text\":\"记忆如柔光在远处游走\"},{\"start\":160.857,\"end\":166.7,\"text\":\"那一抹忧伤在夜里回首\"},{\"start\":167.637,\"end\":176.7,\"text\":\"心底深处仍存你的温柔\"}]', 2559, 0, 1, '2025-08-31 11:17:08', 1, 0);
INSERT INTO `music_info` VALUES ('339708617978', '100000000000', 'dtm__hPvTpHjyfwPF1mmwQ', 'UbapUI3WFfpzv3v', '午后梦境', '202508/P3oKeiDN63ut9ykgv5MIw8xB9UOKRh.png', '202508/3CyBqSfSKw9NAV1OE4VtRKp9enQj9p.mp3', 55, '[]', 2374, 0, 0, '2025-08-31 07:34:14', 1, 1);
INSERT INTO `music_info` VALUES ('368762740894', '100000000000', 'ltm__YP9TtHG18ZDseu15K', 'RFKKIwhYdLx7DfO', '七里香', '202508/Mh31WsvNPOLKCGWgdm9ROtPJ2lK9Wu.png', '202508/PWhi8tjEcCVux2WjJBkf2BAmSsTiwj.mp3', 187, '[{\"start\":9.321,\"end\":13.24,\"text\":\"窗外的麻雀在电线杆上多嘴\"},{\"start\":14.182,\"end\":17.95,\"text\":\"你说这一句很有夏天的感觉\"},{\"start\":19.202,\"end\":23.35,\"text\":\"手中的铅笔在纸上来来回回\"},{\"start\":24.103,\"end\":27.53,\"text\":\"我用几行字形容你是我的谁\"},{\"start\":29.063,\"end\":33.3,\"text\":\"秋刀鱼的滋味猫跟你都想了解\"},{\"start\":34.044,\"end\":37.85,\"text\":\"初恋的香味就这样被我们寻回\"},{\"start\":38.384,\"end\":42.655,\"text\":\"那温暖的阳光像刚摘的鲜艳草莓\"},{\"start\":42.705,\"end\":46.855,\"text\":\"你说你舍不得吃掉这一种感觉\"},{\"start\":46.905,\"end\":51.78,\"text\":\"雨下整夜我的爱溢出就像雨水\"},{\"start\":52.166,\"end\":57.036,\"text\":\"院子落叶跟我的思念厚厚一叠\"},{\"start\":57.086,\"end\":62.46,\"text\":\"几句是非也无法将我的热情冷却\"},{\"start\":62.887,\"end\":66.85,\"text\":\"你出现在我诗的每一页\"},{\"start\":67.207,\"end\":71.74,\"text\":\"雨下整夜我的爱溢出就像雨水\"},{\"start\":72.168,\"end\":76.5,\"text\":\"窗台蝴蝶像诗里纷飞的美丽章节\"},{\"start\":76.908,\"end\":78.54,\"text\":\"我接着写\"},{\"start\":78.928,\"end\":82.18,\"text\":\"把永远爱你写进诗的结尾\"},{\"start\":82.509,\"end\":86.499,\"text\":\"你是我唯一想要的了解\"},{\"start\":86.549,\"end\":91.21,\"text\":\"雨下整夜我的爱溢出就像雨水\"},{\"start\":91.61,\"end\":96.15,\"text\":\"院子落叶跟我的思念厚厚一叠\"},{\"start\":96.33,\"end\":101.16,\"text\":\"几句是非也无法将我的热情冷却\"},{\"start\":101.591,\"end\":105.15,\"text\":\"你出现在我诗的每一页\"},{\"start\":117.853,\"end\":122.15,\"text\":\"那饱满的稻穗幸福了这个季节\"},{\"start\":122.733,\"end\":127.25,\"text\":\"而你的脸颊像田里熟透的番茄\"},{\"start\":127.954,\"end\":133.11,\"text\":\"你突然对我说七里香的名字很美\"},{\"start\":133.434,\"end\":138.86,\"text\":\"我此刻却只想亲吻你倔强的嘴\"},{\"start\":139.035,\"end\":143.26,\"text\":\"雨下整夜我的爱溢出就像雨水\"},{\"start\":143.895,\"end\":148.36,\"text\":\"院子落叶跟我的思念厚厚一叠\"},{\"start\":148.716,\"end\":154.01,\"text\":\"几句是非也无法将我的热情冷却\"},{\"start\":154.357,\"end\":158.48,\"text\":\"你出现在我诗的每一页\"},{\"start\":158.817,\"end\":163.36,\"text\":\"整夜我的爱溢出就像雨水\"},{\"start\":163.778,\"end\":168.1,\"text\":\"窗台蝴蝶像诗里纷飞的美丽章节\"},{\"start\":168.438,\"end\":169.828,\"text\":\"我接着写\"},{\"start\":169.878,\"end\":173.94,\"text\":\"把永远爱你写进诗的结尾\"},{\"start\":174.259,\"end\":177.85,\"text\":\"你是我唯一想要的了解\"}]', 4204, 0, 0, '2025-08-31 07:31:41', 1, 0);
INSERT INTO `music_info` VALUES ('461547825595', '100000000000', 'ltm__EPxTSglFKeZR4mZy7', 'IPfI6lXWxn2DKEK', '雨中低语 ', '202508/ibka8T9uFKEHNIDyEh4k3cePd5Y6YX.png', '202508/fIf04P7wb80SbOqrqdvjD73WMLIHe9.mp3', 108, '[{\"start\":17.663,\"end\":21.83,\"text\":\"雨丝轻落窗前低诉\"},{\"start\":22.124,\"end\":25.73,\"text\":\"风声呢喃诉说归路\"},{\"start\":26.325,\"end\":30.2,\"text\":\"树影摇曳映着孤独\"},{\"start\":30.766,\"end\":35.05,\"text\":\"心绪随云飘向深处\"},{\"start\":37.167,\"end\":41.24,\"text\":\"在雨中静静听心跳\"},{\"start\":41.588,\"end\":45.63,\"text\":\"思念如溪流淌不息\"},{\"start\":46.049,\"end\":49.3,\"text\":\"每滴雨水都是问候\"},{\"start\":49.949,\"end\":56.9,\"text\":\"带着温柔唤醒记忆\"},{\"start\":70.793,\"end\":74.5,\"text\":\"细雨织成一片温暖\"},{\"start\":74.974,\"end\":78.35,\"text\":\"拥抱这片宁静的夜\"},{\"start\":79.335,\"end\":82.245,\"text\":\"窗外世界慢慢沉寂\"},{\"start\":82.295,\"end\":84.326,\"text\":\"心中柔情依旧不灭\"},{\"start\":84.376,\"end\":87.85,\"text\":\"雨幕之中找寻答案\"},{\"start\":88.276,\"end\":92.25,\"text\":\"岁月如梦悄然走远\"},{\"start\":92.777,\"end\":96.1,\"text\":\"你的微笑藏在风里\"},{\"start\":96.638,\"end\":102.2,\"text\":\"陪我度过漫长夜晚\"}]', 3885, 0, 1, '2025-08-31 07:40:25', 1, 0);
INSERT INTO `music_info` VALUES ('505261863345', '100000000000', 'ltm__MP6TIHl1UyVyJqoVn', 'ljeyDzgYfDIF4l0', '一生不变', '202508/ZSj47mjBJjMlsv9qiCUITxNSpqWUtb.png', '202508/ECEilUDvhF8pGBQtkcElVur61ErOSm.mp3', 217, '[{\"start\":14.301,\"end\":18.002,\"text\":\"一幽风飞散发披肩\"},{\"start\":20.362,\"end\":23.8,\"text\":\"眼里散发一丝恨怨\"},{\"start\":25.602,\"end\":30.983,\"text\":\"像要告诉我你此生不变\"},{\"start\":32.043,\"end\":35.75,\"text\":\"眉宇间刺痛匆匆暗闪\"},{\"start\":38.364,\"end\":41.9,\"text\":\"忧忧戚戚循环不断\"},{\"start\":44.324,\"end\":47.69,\"text\":\"冷冷暖暖一片茫然\"},{\"start\":49.565,\"end\":55.1,\"text\":\"视线碰上你怎不心软\"},{\"start\":55.985,\"end\":60.72,\"text\":\"唯有狠心再多讲讲一遍\"},{\"start\":61.506,\"end\":65.95,\"text\":\"苍天不解恨怨\"},{\"start\":67.186,\"end\":72.5,\"text\":\"痴心爱侣仍难如愿\"},{\"start\":73.567,\"end\":77.9,\"text\":\"分开虽不可改变\"},{\"start\":79.587,\"end\":84.97,\"text\":\"但更珍惜一刻目前\"},{\"start\":85.528,\"end\":89.95,\"text\":\"可知分开越远\"},{\"start\":91.229,\"end\":96.6,\"text\":\"心中对你更觉挂牵\"},{\"start\":97.549,\"end\":102.75,\"text\":\"可否知痴心一片\"},{\"start\":103.91,\"end\":108.75,\"text\":\"就算分开一生不变\"},{\"start\":119.311,\"end\":122.98,\"text\":\"反反复复多次失恋\"},{\"start\":125.312,\"end\":129.57,\"text\":\"进进退退想到从前\"},{\"start\":133.592,\"end\":138.95,\"text\":\"让我再吻你吻多一遍\"},{\"start\":139.593,\"end\":144.97,\"text\":\"别了不知哪一天再相见\"},{\"start\":145.554,\"end\":149.86,\"text\":\"苍天不解恨怨\"},{\"start\":151.194,\"end\":156.45,\"text\":\"痴心爱侣仍难如愿\"},{\"start\":157.555,\"end\":161.84,\"text\":\"分开虽不可改变\"},{\"start\":163.615,\"end\":169.02,\"text\":\"但更珍惜一刻目前\"},{\"start\":169.536,\"end\":173.026,\"text\":\"可知分开越远\"},{\"start\":173.076,\"end\":175.506,\"text\":\"心中对你更觉挂牵\"},{\"start\":175.556,\"end\":180.75,\"text\":\"可否知痴心一片\"},{\"start\":181.577,\"end\":187.3,\"text\":\"就算分开一生不变\"},{\"start\":197.298,\"end\":200.9,\"text\":\"反反复复多次失恋\"},{\"start\":203.339,\"end\":206.75,\"text\":\"进进退退想到从前\"},{\"start\":208.599,\"end\":213.95,\"text\":\"让我再吻你吻多一遍\"},{\"start\":214.6,\"end\":217.0,\"text\":\"别了不知哪一天再相见\"}]', 3820, 0, 0, '2025-08-31 07:32:10', 1, 0);
INSERT INTO `music_info` VALUES ('536059480860', '100000000000', 'ltm__IPtTniORdgsBRR3qS', 'kSkYepBH9rMoiu9', '旋转的爱之涟漪 ', '202508/Qd8g4C3BceODVE0Z266l8eDPIbYU5j.png', '202508/glDaUpvYWKo33v5ICKT6Jhqq3IK9ma.mp3', 206, '[{\"start\":18.182,\"end\":22.9,\"text\":\"爱像旋转的洗衣机\"},{\"start\":26.623,\"end\":34.9,\"text\":\"翻滚着回忆的涟漪\"},{\"start\":36.464,\"end\":42.1,\"text\":\"风干心事在烘干机里\"},{\"start\":42.964,\"end\":51.1,\"text\":\"每一刻都充满甜蜜\"},{\"start\":55.185,\"end\":61.05,\"text\":\"衣物堆叠映出你笑颜\"},{\"start\":63.866,\"end\":70.65,\"text\":\"日子简单却不觉平凡\"},{\"start\":71.687,\"end\":77.09,\"text\":\"你在身边时光如闪电\"},{\"start\":77.187,\"end\":89.3,\"text\":\"转瞬之间爱已满心间\"},{\"start\":106.49,\"end\":113.9,\"text\":\"听着机器低声的旋律\"},{\"start\":115.131,\"end\":123.05,\"text\":\"像是唱着我们的秘密\"},{\"start\":123.592,\"end\":131.03,\"text\":\"每次相拥就像被暖意\"},{\"start\":131.913,\"end\":139.85,\"text\":\"包裹在柔软温暖怀里\"},{\"start\":152.015,\"end\":155.15,\"text\":\"爱像旋转的洗衣机\"},{\"start\":156.195,\"end\":160.23,\"text\":\"翻滚着回忆的涟漪\"},{\"start\":162.396,\"end\":167.69,\"text\":\"风干心事在烘干机里\"},{\"start\":168.956,\"end\":175.75,\"text\":\"每一刻都充满甜蜜\"}]', 2439, 0, 1, '2025-08-31 11:19:31', 1, 0);
INSERT INTO `music_info` VALUES ('603683076505', '243091801061', 'l2m_IPrTWiEsWPPmwZZFv', 'SZHiTTrXUsrFKME', '征途无畏', NULL, '202508/0J0eWgqUoymDkXH73UcBPSCvARWpg0.mp3', 109, '[{\"end\":6.421,\"start\":6.401,\"text\":\"<inst>\"},{\"end\":12.502,\"start\":12.482,\"text\":\"<verse>\"},{\"end\":18.29,\"start\":14.143,\"text\":\"踏 碎 黑 夜 的 沉 默\"},{\"end\":22.0,\"start\":19.544,\"text\":\"脚 步 如 火 燃 烧\"},{\"end\":25.44,\"start\":23.164,\"text\":\"星 光 在 远 方 召 唤\"},{\"end\":29.12,\"start\":26.305,\"text\":\"肩 并 肩 闯 荡 天 高\"},{\"end\":29.705,\"start\":29.685,\"text\":\"<verse>\"},{\"end\":32.66,\"start\":30.366,\"text\":\"汗 水 在 脸 颊 滑 落\"},{\"end\":35.85,\"start\":33.906,\"text\":\"信 念 拥 抱 着 希 望\"},{\"end\":41.8,\"start\":37.527,\"text\":\"呼 吸 穿 越 风 和 浪\"},{\"end\":57.31,\"start\":42.888,\"text\":\"热 血 不 肯 轻 易 投 降\"},{\"end\":58.071,\"start\":58.051,\"text\":\"<chorus>\"},{\"end\":62.55,\"start\":59.471,\"text\":\"一 起 奔 向 未 知 边 疆\"},{\"end\":65.93,\"start\":63.072,\"text\":\"把 脆 弱 都 埋 在 心 上\"},{\"end\":69.51,\"start\":66.012,\"text\":\"勇 敢 在 前 方 绽 放 光 芒\"},{\"end\":72.69,\"start\":69.753,\"text\":\"无 畏 前 路 陪 你 同 航\"},{\"end\":73.233,\"start\":73.213,\"text\":\"<chorus>\"},{\"end\":76.43,\"start\":73.333,\"text\":\"团 结 凝 聚 每 个 梦 想\"},{\"end\":80.55,\"start\":77.354,\"text\":\"坚 强 让 呼 喊 更 响 亮\"},{\"end\":87.25,\"start\":82.295,\"text\":\"我 们 用 坚 持 打 破 幻 想\"},{\"end\":91.56,\"start\":87.676,\"text\":\"共 赴 征 途 不 再 彷 徨\"},{\"end\":98.578,\"start\":98.558,\"text\":\"<inst>\"},{\"end\":109.0,\"start\":102.199,\"text\":\"<pad>\"}]', 3, 0, 0, '2025-08-31 20:28:06', 1, 0);
INSERT INTO `music_info` VALUES ('607954654039', '100000000000', 'ltm__pP7T7gxef4Xy1gBZE', 'j6mzqUc09Okaemx', '旧时光的小镇 ', '202508/gfV5yVgCiuffCJtk4TNJyj5II5oBvg.png', '202508/whag6Md1d2gbKJd8ebQ2s2Fz8JY1US.mp3', 191, '[{\"start\":13.401,\"end\":15.6,\"text\":\"老街的石板曾经湿滑\"},{\"start\":16.002,\"end\":18.24,\"text\":\"巷口的奶茶冒着白花\"},{\"start\":18.582,\"end\":20.87,\"text\":\"小镇的黄昏带着喧哗\"},{\"start\":21.262,\"end\":23.42,\"text\":\"我们跑过笑声成了年华\"},{\"start\":23.842,\"end\":26.04,\"text\":\"院子里大树挂着秋千\"},{\"start\":26.423,\"end\":28.72,\"text\":\"风吹过竹林摇曳轻眠\"},{\"start\":29.043,\"end\":31.32,\"text\":\"童年的画面浮现眼前\"},{\"start\":31.663,\"end\":33.94,\"text\":\"像老旧照片泛黄依然\"},{\"start\":34.264,\"end\":36.52,\"text\":\"铁皮屋顶下雨声作伴\"},{\"start\":36.884,\"end\":39.15,\"text\":\"泥土芬芳藏在草丛间\"},{\"start\":39.464,\"end\":41.7,\"text\":\"池塘的涟漪荡开了远岸\"},{\"start\":42.104,\"end\":44.4,\"text\":\"小镇的故事唱不完一半\"},{\"start\":44.705,\"end\":47.03,\"text\":\"捉迷藏躲进长长弄堂\"},{\"start\":47.345,\"end\":49.59,\"text\":\"那时的时光从不漫长\"},{\"start\":49.825,\"end\":52.13,\"text\":\"每一个夏天都充满阳光\"},{\"start\":52.445,\"end\":54.116,\"text\":\"每一句承诺都无比坚强\"},{\"start\":54.166,\"end\":58.1,\"text\":\"记忆深处的小镇模样\"},{\"start\":59.386,\"end\":63.45,\"text\":\"日落铺满街头的希望\"},{\"start\":64.267,\"end\":69.52,\"text\":\"童年的欢笑是我的信仰\"},{\"start\":69.827,\"end\":74.2,\"text\":\"走得再远也不会遗忘\"},{\"start\":75.028,\"end\":79.1,\"text\":\"那古老屋檐下的风霜\"},{\"start\":79.908,\"end\":82.439,\"text\":\"刻在心底最深的地方\"},{\"start\":82.489,\"end\":83.999,\"text\":\"那些回忆像星辰发亮\"},{\"start\":84.049,\"end\":84.799,\"text\":\"指引我前行不惧彷徨\"},{\"start\":84.849,\"end\":85.919,\"text\":\"我们的小镇微风轻扬\"},{\"start\":85.969,\"end\":87.279,\"text\":\"老树下回忆散发清香\"},{\"start\":87.329,\"end\":90.3,\"text\":\"岁月流转却无法抵挡\"},{\"start\":90.689,\"end\":95.2,\"text\":\"那段纯真的旧时光\"},{\"start\":96.83,\"end\":99.21,\"text\":\"红砖墙外牵牛花盛开\"},{\"start\":99.49,\"end\":101.8,\"text\":\"小河边鱼儿跃出水面来\"},{\"start\":102.091,\"end\":104.29,\"text\":\"邻家的笑声穿过窗台\"},{\"start\":104.751,\"end\":106.56,\"text\":\"每个角落都是幸福的海\"},{\"start\":107.291,\"end\":109.52,\"text\":\"田野上的麦浪翻滚如潮\"},{\"start\":109.952,\"end\":112.13,\"text\":\"收割季节汗水滴落衣袍\"},{\"start\":112.412,\"end\":114.74,\"text\":\"村头的小店卖着冰棍一毛\"},{\"start\":115.152,\"end\":117.33,\"text\":\"一切都定格在最美的一秒\"},{\"start\":117.772,\"end\":119.95,\"text\":\"站台旁火车呼啸而过\"},{\"start\":120.413,\"end\":122.58,\"text\":\"带走了梦想也带来寄托\"},{\"start\":122.993,\"end\":125.17,\"text\":\"小镇的人们挥手不过\"},{\"start\":125.593,\"end\":127.8,\"text\":\"离别与重逢写成生活的歌\"},{\"start\":128.193,\"end\":130.36,\"text\":\"天边染红了最后一抹霞\"},{\"start\":130.814,\"end\":133.05,\"text\":\"黄昏笼罩了熟悉的家\"},{\"start\":133.434,\"end\":135.48,\"text\":\"那些年少轻狂太过潇洒\"},{\"start\":135.874,\"end\":137.624,\"text\":\"如今只剩怀念永不褪化\"},{\"start\":137.674,\"end\":141.55,\"text\":\"记忆深处的小镇模样\"},{\"start\":142.875,\"end\":146.85,\"text\":\"日落铺满街头的希望\"},{\"start\":147.715,\"end\":152.89,\"text\":\"童年的欢笑是我的信仰\"},{\"start\":153.256,\"end\":156.526,\"text\":\"走得再远也不会遗忘\"},{\"start\":156.576,\"end\":158.177,\"text\":\"那古老屋檐下的风霜\"},{\"start\":158.197,\"end\":159.667,\"text\":\"刻在心底最深的地方\"},{\"start\":159.717,\"end\":161.287,\"text\":\"那些回忆像星辰发亮\"},{\"start\":161.337,\"end\":162.307,\"text\":\"指引我前行不惧彷徨\"},{\"start\":162.357,\"end\":163.647,\"text\":\"我们的小镇微风轻扬\"},{\"start\":163.697,\"end\":168.1,\"text\":\"老树下回忆散发清香\"},{\"start\":169.238,\"end\":173.74,\"text\":\"岁月流转却无法抵挡\"},{\"start\":174.118,\"end\":178.75,\"text\":\"那段纯真的旧时光\"}]', 3738, 0, 0, '2025-08-31 07:40:03', 1, 0);
INSERT INTO `music_info` VALUES ('636924136284', '100000000000', 'dtm__jPWTMiEqMTaoZPuHC', '8IkIPG2nbszpgam', '舌尖上的传承', '202508/0L1aeiSXp1c31CdlD280A1MnnhnIde.png', '202508/nTNReqhqxDImXegG3BZZRvwbQi9tbD.mp3', 55, '[]', 1365, 0, 0, '2025-08-31 20:00:21', 1, 1);
INSERT INTO `music_info` VALUES ('643026780309', '100000000000', 'ltm__bP7TUifR6k0w3gX1p', 'pTHsitHBWIzA87h', '夜行燃梦 ', '202508/7RKkBdMcWWowGOXQKOajTqxBPOZSnn.png', '202508/wE9206PVcck5DVb91y4tpRzjuiF9eT.mp3', 189, '[{\"start\":39.504,\"end\":42.224,\"text\":\"车灯划破深夜的长街\"},{\"start\":43.545,\"end\":46.345,\"text\":\"引擎轰鸣点燃了狂野\"},{\"start\":47.525,\"end\":50.3,\"text\":\"节奏跳动像心脏律动\"},{\"start\":51.045,\"end\":54.33,\"text\":\"电吉他切分燃起烈焰\"},{\"start\":55.526,\"end\":58.65,\"text\":\"风从耳边卷起了时间\"},{\"start\":59.546,\"end\":62.33,\"text\":\"贝斯低音摇醒了视线\"},{\"start\":63.567,\"end\":66.3,\"text\":\"速度超越城市的边界\"},{\"start\":67.267,\"end\":70.33,\"text\":\"节拍带我冲向自由天\"},{\"start\":72.788,\"end\":76.35,\"text\":\"驾驶夜色追逐着梦想\"},{\"start\":76.808,\"end\":80.35,\"text\":\"每个转弯都是新篇章\"},{\"start\":80.789,\"end\":83.36,\"text\":\"放克节奏燃烧在路上\"},{\"start\":83.549,\"end\":86.82,\"text\":\"快感如风释放我力量\"},{\"start\":88.769,\"end\":92.55,\"text\":\"速度狂飙甩开了过往\"},{\"start\":92.79,\"end\":96.37,\"text\":\"深夜街头尽情去流浪\"},{\"start\":96.79,\"end\":100.931,\"text\":\"电吉他扫弦成主场\"},{\"start\":104.011,\"end\":106.561,\"text\":\"旋律闪耀让心跳飞扬\"},{\"start\":106.611,\"end\":142.22,\"text\":\"霓虹闪烁映照我方向\"},{\"start\":145.555,\"end\":148.596,\"text\":\"轮胎撕裂地面的声响\"},{\"start\":149.556,\"end\":152.3,\"text\":\"每一次加速都是冒险\"},{\"start\":153.036,\"end\":156.31,\"text\":\"激情在路上永不平淡\"},{\"start\":157.537,\"end\":160.65,\"text\":\"城市灯光渐远成星点\"},{\"start\":161.357,\"end\":164.32,\"text\":\"音乐回响跳跃在耳边\"},{\"start\":165.558,\"end\":168.3,\"text\":\"速度与自由化作火焰\"},{\"start\":169.298,\"end\":172.35,\"text\":\"夜空下我驾驭这片天\"},{\"start\":174.778,\"end\":178.34,\"text\":\"驾驶夜色追逐着梦想\"},{\"start\":178.859,\"end\":182.32,\"text\":\"每个转弯都是新篇章\"},{\"start\":182.799,\"end\":185.35,\"text\":\"放克节奏燃烧在路上\"},{\"start\":185.56,\"end\":188.69,\"text\":\"快感如风释放我力量\"}]', 4574, 0, 0, '2025-08-31 11:24:18', 1, 0);
INSERT INTO `music_info` VALUES ('654343099544', '100000000000', 'ltm__MPITQi9qxXZ4ZssZS', '5GJltCRjZC6EMQI', '离别的花开', '202508/RAuA7XetoFLghJQNfQsJ5V1PYFdH10.png', '202508/6XKhMaEkCRsaOquF41h76NUWgrXQf2.mp3', 194, '[{\"start\":20.382,\"end\":23.35,\"text\":\"街灯映出斑驳的影子\"},{\"start\":25.343,\"end\":28.45,\"text\":\"人群散去留下沉默句子\"},{\"start\":30.463,\"end\":34.0,\"text\":\"回忆在深夜慢慢堆积\"},{\"start\":35.144,\"end\":39.2,\"text\":\"离别的花在心底开了枝\"},{\"start\":42.604,\"end\":46.7,\"text\":\"离别开出花却无人采摘\"},{\"start\":47.505,\"end\":51.585,\"text\":\"悲伤在旋律中悄然徘徊\"},{\"start\":53.446,\"end\":58.34,\"text\":\"时光的车轮无法倒转回来\"},{\"start\":58.686,\"end\":65.0,\"text\":\"只剩余香伴我独自感慨\"},{\"start\":106.231,\"end\":109.35,\"text\":\"细雨轻敲窗外的旧梦境\"},{\"start\":112.012,\"end\":121.2,\"text\":\"思念随风飘向你的身影\"},{\"start\":123.253,\"end\":129.35,\"text\":\"遗憾如琴弦弹奏着共鸣\"},{\"start\":131.354,\"end\":138.95,\"text\":\"离别的花早已失去芳馨\"},{\"start\":141.235,\"end\":145.65,\"text\":\"离别开出花却无人停留\"},{\"start\":147.675,\"end\":152.01,\"text\":\"记忆如柔光在远处游走\"},{\"start\":154.016,\"end\":157.5,\"text\":\"那一抹忧伤在夜里回首\"},{\"start\":160.057,\"end\":170.9,\"text\":\"心底深处仍存你的温柔\"}]', 3762, 0, 1, '2025-08-31 11:12:33', 1, 0);
INSERT INTO `music_info` VALUES ('695388713675', '100000000000', 'ltm__YPlT7ifRUgZRiFiVb', 'HHLJbg5PhnyKP9R', '街头梦想 ', '202508/E9IcGLYUg4Y30CNI4rytFoqyxsoYZw.png', '202508/SthQ0NbzAEv2u0gdAptgTCnIZjaJzG.mp3', 214, '[{\"start\":24.062,\"end\":28.85,\"text\":\"城市的夜晚灯火辉煌\"},{\"start\":29.563,\"end\":34.74,\"text\":\"街头的节奏在心中荡漾\"},{\"start\":35.043,\"end\":40.66,\"text\":\"兄弟们并肩在这片土地上\"},{\"start\":40.944,\"end\":45.65,\"text\":\"梦想在心中从未被遗忘\"},{\"start\":47.104,\"end\":51.9,\"text\":\"脚步坚定走过每个街角\"},{\"start\":52.625,\"end\":57.705,\"text\":\"生活的考验我们从不逃\"},{\"start\":58.505,\"end\":63.75,\"text\":\"用音乐表达内心的渴望\"},{\"start\":64.326,\"end\":72.05,\"text\":\"这条路上我们永远不彷徨\"},{\"start\":79.007,\"end\":84.65,\"text\":\"霓虹灯下我们自由飞翔\"},{\"start\":85.568,\"end\":89.91,\"text\":\"每一个音符都是力量\"},{\"start\":90.288,\"end\":94.88,\"text\":\"汗水和泪水交织成篇章\"},{\"start\":95.129,\"end\":98.45,\"text\":\"无论多难都要坚强\"},{\"start\":99.789,\"end\":104.85,\"text\":\"街头的风吹动着梦想\"},{\"start\":105.33,\"end\":110.98,\"text\":\"兄弟情义比金钱更闪亮\"},{\"start\":111.47,\"end\":116.65,\"text\":\"用节拍打破所有阻挡\"},{\"start\":117.351,\"end\":124.96,\"text\":\"未来就在前方等待绽放\"},{\"start\":147.014,\"end\":151.57,\"text\":\"这是我们的时代\"},{\"start\":152.154,\"end\":155.84,\"text\":\"用音乐去表白\"},{\"start\":159.455,\"end\":163.35,\"text\":\"无论风雨多大\"},{\"start\":165.255,\"end\":171.55,\"text\":\"信念永不更改\"},{\"start\":172.636,\"end\":177.65,\"text\":\"这是我们的时代\"},{\"start\":178.497,\"end\":183.25,\"text\":\"用音乐去表白\"},{\"start\":183.577,\"end\":187.04,\"text\":\"无论风雨多大\"},{\"start\":189.058,\"end\":196.65,\"text\":\"信念永不更改\"}]', 2123, 0, 1, '2025-08-31 11:20:03', 1, 0);
INSERT INTO `music_info` VALUES ('718522686875', '100000000000', 'l2m_dPlTQNMXz4cqiN12t', 'R8d7LlMbbq6ryAv', '信念逆风行', '202509/718522686875.png&1757211860117', '202509/31C7xA5kjhzmDMGIpd2KVHoIrTAkEo.mp3', 102, '[{\"end\":0.32,\"start\":0.3,\"text\":\"<inst>\"},{\"end\":14.063,\"start\":14.043,\"text\":\"<verse>\"},{\"end\":17.74,\"start\":14.403,\"text\":\"烈 日 下 前 行 汗 水 如 江 河\"},{\"end\":21.57,\"start\":18.204,\"text\":\"脚 步 坚 定 穿 越 风 的 阻 隔\"},{\"end\":25.47,\"start\":22.064,\"text\":\"眼 里 燃 烧 着 不 屈 的 火 焰\"},{\"end\":29.556,\"start\":25.865,\"text\":\"信 念 凝 结 成 深 深 的 力 量\"},{\"end\":29.62,\"start\":29.606,\"text\":\"<verse>\"},{\"end\":33.13,\"start\":29.726,\"text\":\"夜 色 降 临 心 跳 依 旧 澎 湃\"},{\"end\":37.18,\"start\":33.567,\"text\":\"伙 伴 的 呼 唤 汇 聚 前 方 光 彩\"},{\"end\":40.81,\"start\":37.427,\"text\":\"誓 言 如 旗 帜 飘 扬 在 彼 岸\"},{\"end\":45.43,\"start\":41.208,\"text\":\"肩 并 肩 我 们 继 续 勇 敢 迈\"},{\"end\":51.61,\"start\":51.59,\"text\":\"<inst>\"},{\"end\":55.191,\"start\":55.171,\"text\":\"<chorus>\"},{\"end\":60.87,\"start\":57.371,\"text\":\"一 同 冲 破 黑 暗 唤 醒 沉 睡 的 梦\"},{\"end\":64.66,\"start\":61.152,\"text\":\"携 手 跨 越 高 山 星 光 为 我 们 生\"},{\"end\":68.51,\"start\":65.013,\"text\":\"失 败 不 是 终 点 汗 水 写 成 长 虹\"},{\"end\":71.92,\"start\":68.874,\"text\":\"信 念 化 作 信 号 点 燃 前 方 苍 穹\"},{\"end\":72.42,\"start\":72.234,\"text\":\"<chorus>\"},{\"end\":76.24,\"start\":72.694,\"text\":\"坚 定 每 一 个 步 伐 踏 碎 脆 弱 迷 蒙\"},{\"end\":79.83,\"start\":76.535,\"text\":\"团 结 如 同 海 浪 推 翻 沉 默 时 空\"},{\"end\":83.88,\"start\":80.156,\"text\":\"光 芒 照 亮 心 房 勇 气 再 次 交 融\"},{\"end\":89.83,\"start\":84.257,\"text\":\"未 来 就 在 眼 前 等 待 我 们 翻 涌\"},{\"end\":92.228,\"start\":90.178,\"text\":\"<inst>\"},{\"end\":93.08,\"start\":92.278,\"text\":\"<pad>\"}]', 4, 0, 0, '2025-09-07 10:23:09', 1, 0);
INSERT INTO `music_info` VALUES ('829478454572', '100000000000', 'l2m_rPMTpNMXYLH5X45Rd', 'r0aUpgKzrXZgn1Q', '云端梦旅', '202509/829478454572.png&1757210090546', '202509/GwwNGy3sBeckLu8Of7RbxPRnp07Zmu.mp3', 103, '[{\"end\":0.8,\"start\":0.78,\"text\":\"<inst>\"},{\"end\":9.382,\"start\":9.362,\"text\":\"<verse>\"},{\"end\":17.553,\"start\":14.803,\"text\":\"清 晨 的 薄 雾 缓 缓 消 散\"},{\"end\":20.45,\"start\":17.603,\"text\":\"脚 下 是 沉 睡 的 城 市 屋 檐\"},{\"end\":24.43,\"start\":21.944,\"text\":\"手 握 着 风 的 方 向 悄 然\"},{\"end\":27.65,\"start\":24.705,\"text\":\"心 跳 随 云 际 轻 声 呢 喃\"},{\"end\":29.206,\"start\":29.186,\"text\":\"<verse>\"},{\"end\":32.42,\"start\":29.686,\"text\":\"眼 眸 里 藏 着 蔚 蓝 的 远 方\"},{\"end\":35.6,\"start\":32.726,\"text\":\"微 光 点 亮 了 天 际 的 希 望\"},{\"end\":39.378,\"start\":36.447,\"text\":\"彩 色 的 身 影 映 照 理 想\"},{\"end\":44.319,\"start\":39.428,\"text\":\"在 寂 静 空 中 渐 渐 飞 扬\"},{\"end\":44.45,\"start\":44.369,\"text\":\"<chorus>\"},{\"end\":48.179,\"start\":44.509,\"text\":\"飘 向 高 空 没 有 边 际 的 梦\"},{\"end\":51.92,\"start\":48.229,\"text\":\"肩 并 肩 漂 浮 在 云 朵 之 中\"},{\"end\":54.85,\"start\":51.97,\"text\":\"让 温 柔 的 晨 风 接 我 们 入 画\"},{\"end\":58.79,\"start\":55.371,\"text\":\"在 天 色 渐 明 时 到 达 繁 华\"},{\"end\":58.91,\"start\":58.891,\"text\":\"<chorus>\"},{\"end\":61.31,\"start\":59.051,\"text\":\"俯 瞰 世 界 静 听 万 物 苏 醒\"},{\"end\":64.102,\"start\":61.552,\"text\":\"彼 此 在 云 端 诉 说 着 真 心\"},{\"end\":68.0,\"start\":64.152,\"text\":\"轻 盈 的 阳 光 为 我 们 指 引\"},{\"end\":73.63,\"start\":68.973,\"text\":\"随 一 朵 流 云 慢 慢 靠 近\"},{\"end\":73.954,\"start\":73.934,\"text\":\"<chorus>\"},{\"end\":77.905,\"start\":74.214,\"text\":\"忘 记 地 平 线 遥 远 的 距 离\"},{\"end\":80.58,\"start\":77.955,\"text\":\"热 气 在 升 腾 不 论 晨 与 夕\"},{\"end\":83.53,\"start\":80.696,\"text\":\"希 望 和 欢 笑 融 合 在 旅 途\"},{\"end\":88.25,\"start\":83.836,\"text\":\"让 我 们 在 高 处 安 心 共 舞\"},{\"end\":89.417,\"start\":89.397,\"text\":\"<inst>\"},{\"end\":103.0,\"start\":100.119,\"text\":\"<pad>\"}]', 3, 0, 0, '2025-09-07 09:49:27', 1, 0);
INSERT INTO `music_info` VALUES ('892954966301', '100000000000', 'l2m_7PxTGNvXYqJgHqVVd', '7So8DVIUdsDWttT', '雪夜微光', '202509/892954966301.png&1757210344859', '202509/VjL7OzklLHPIXgm33Cqqsr32r5cLzo.mp3', 96, '[{\"end\":3.9,\"start\":3.821,\"text\":\"<inst>\"},{\"end\":14.123,\"start\":14.103,\"text\":\"<verse>\"},{\"end\":18.38,\"start\":16.003,\"text\":\"树 枝 轻 覆 白 霜\"},{\"end\":21.3,\"start\":18.744,\"text\":\"街 角 悄 无 声 息\"},{\"end\":24.71,\"start\":21.945,\"text\":\"寒 风 在 掌 心 停 留\"},{\"end\":28.15,\"start\":25.145,\"text\":\"脚 步 留 在 朦 胧 里\"},{\"end\":28.706,\"start\":28.686,\"text\":\"<chorus>\"},{\"end\":31.23,\"start\":28.726,\"text\":\"初 雪 落 满 窗 台\"},{\"end\":34.3,\"start\":31.627,\"text\":\"夜 色 缓 缓 流 动\"},{\"end\":37.8,\"start\":35.207,\"text\":\"一 盏 灯 微 微 亮\"},{\"end\":43.7,\"start\":38.468,\"text\":\"安 静 藏 在 心 中\"},{\"end\":44.329,\"start\":44.309,\"text\":\"<inst>\"},{\"end\":46.25,\"start\":46.23,\"text\":\"<verse>\"},{\"end\":56.83,\"start\":54.411,\"text\":\"远 方 炊 烟 浅 起\"},{\"end\":59.83,\"start\":57.152,\"text\":\"记 忆 随 雪 飘 零\"},{\"end\":63.43,\"start\":60.833,\"text\":\"屋 顶 悄 悄 沉 默\"},{\"end\":66.75,\"start\":63.973,\"text\":\"时 间 缓 慢 前 行\"},{\"end\":67.144,\"start\":66.934,\"text\":\"<chorus>\"},{\"end\":69.98,\"start\":67.194,\"text\":\"细 碎 冰 花 轻 语\"},{\"end\":73.03,\"start\":70.395,\"text\":\"呼 吸 散 入 空 中\"},{\"end\":76.32,\"start\":73.595,\"text\":\"世 界 悄 然 安 稳\"},{\"end\":82.45,\"start\":76.816,\"text\":\"温 暖 藏 在 梦 中\"},{\"end\":90.099,\"start\":90.079,\"text\":\"<inst>\"},{\"end\":96.0,\"start\":90.139,\"text\":\"<pad>\"}]', 4, 0, 0, '2025-09-07 09:58:28', 1, 0);
INSERT INTO `music_info` VALUES ('913519044630', '100000000000', 'ltm__rPnTKi8q8THZwmDyU', 'zRoOHamHq6qG8gK', '青春的节拍 ', '202508/AQ8ff3JosrdBv0kkFHwhLrZYWbsdqs.png', '202508/66LfWcpoPpx85tJxdHcbaBiYdvMwSb.mp3', 184, '[{\"start\":32.444,\"end\":38.48,\"text\":\"阳光洒满清晨的窗台\"},{\"start\":38.944,\"end\":44.65,\"text\":\"微风轻拂心跳的节拍\"},{\"start\":45.825,\"end\":51.85,\"text\":\"街角传来熟悉的旋律\"},{\"start\":53.386,\"end\":58.65,\"text\":\"每一刻都绽放着期待\"},{\"start\":60.507,\"end\":65.42,\"text\":\"人群中那笑容多灿烂\"},{\"start\":66.967,\"end\":73.45,\"text\":\"像彩虹点亮了灰色天\"},{\"start\":74.168,\"end\":80.89,\"text\":\"眼神交汇心跳加速转\"},{\"start\":81.549,\"end\":86.9,\"text\":\"瞬间世界都变得斑斓\"},{\"start\":88.59,\"end\":94.6,\"text\":\"脚步轻快踏过繁华街\"},{\"start\":95.71,\"end\":101.55,\"text\":\"追逐梦想不怕路遥远\"},{\"start\":102.331,\"end\":109.1,\"text\":\"每个瞬间都值得怀念\"},{\"start\":109.812,\"end\":116.15,\"text\":\"在青春里自由地飞旋\"},{\"start\":116.933,\"end\":122.79,\"text\":\"让笑声融化所有阴霾\"},{\"start\":123.593,\"end\":129.81,\"text\":\"把快乐装进行囊带开\"},{\"start\":130.594,\"end\":137.1,\"text\":\"心跳像节奏不停澎湃\"},{\"start\":138.495,\"end\":144.6,\"text\":\"幸福就在手心盛开\"},{\"start\":148.236,\"end\":154.52,\"text\":\"我们唱出最美的未来\"},{\"start\":155.317,\"end\":162.25,\"text\":\"让阳光洒满每段舞台\"},{\"start\":162.818,\"end\":169.59,\"text\":\"热情燃烧不怕梦走开\"},{\"start\":170.599,\"end\":179.1,\"text\":\"一起奔向彩色的大海\"}]', 4296, 0, 1, '2025-08-31 10:47:42', 1, 0);
INSERT INTO `music_info` VALUES ('964150483150', '100000000000', 'ltm__nPYT8idRWkTa3ssB8', 'n3TkpvEaGZFku1A', '青春图腾 ', '202508/iDoM9Sw0X9xhyQwid4zZ1DhqobsBK4.png', '202508/Zzs9IGaPfTGt0ZfJ7xITwJtjWIIomn.mp3', 184, '[{\"start\":0.02,\"end\":2.25,\"text\":\"晨雾未散\"},{\"start\":2.3,\"end\":4.81,\"text\":\"闹铃敲破梦境\"},{\"start\":6.021,\"end\":8.231,\"text\":\"台灯亮起\"},{\"start\":8.281,\"end\":10.75,\"text\":\"笔尖划过纸痕\"},{\"start\":12.061,\"end\":13.89,\"text\":\"公式与诗行\"},{\"start\":14.282,\"end\":16.8,\"text\":\"在晨光里交融\"},{\"start\":17.262,\"end\":19.3,\"text\":\"堆叠的试卷\"},{\"start\":20.802,\"end\":23.2,\"text\":\"是青春的图腾\"},{\"start\":24.003,\"end\":25.85,\"text\":\"夜空垂幕\"},{\"start\":26.763,\"end\":28.573,\"text\":\"自习室的窗棱\"},{\"start\":28.623,\"end\":29.883,\"text\":\"星子落进\"},{\"start\":29.943,\"end\":32.31,\"text\":\"盛着咖啡的杯盏\"},{\"start\":32.604,\"end\":34.75,\"text\":\"你用方程式\"},{\"start\":35.924,\"end\":38.68,\"text\":\"拆解宇宙的谜题\"},{\"start\":38.864,\"end\":40.434,\"text\":\"我用单词量\"},{\"start\":40.484,\"end\":44.2,\"text\":\"丈量世界的距离\"},{\"start\":47.585,\"end\":53.12,\"text\":\"汗水中发芽的梦倔强生长\"},{\"start\":53.286,\"end\":58.85,\"text\":\"就算偶尔迷惘也不缴械投降\"},{\"start\":60.007,\"end\":65.03,\"text\":\"笔记本里藏着一整片海洋\"},{\"start\":65.247,\"end\":70.3,\"text\":\"每次潮涌都是靠近理想\"},{\"start\":72.008,\"end\":74.928,\"text\":\"我们是追光的少年啊\"},{\"start\":74.948,\"end\":82.8,\"text\":\"奔跑在名为未来的长廊\"},{\"start\":83.969,\"end\":89.03,\"text\":\"象牙塔尖晨曦正在酝酿\"},{\"start\":89.27,\"end\":94.27,\"text\":\"此刻的沉默会震响远方\"},{\"start\":94.35,\"end\":101.231,\"text\":\"我们是披星的远征者\"},{\"start\":101.251,\"end\":106.02,\"text\":\"把每一个今天铸成桥梁\"},{\"start\":107.552,\"end\":112.13,\"text\":\"当千帆过尽回首望 — —\"},{\"start\":113.272,\"end\":116.08,\"text\":\"奋斗的岁月皆成勋章\"},{\"start\":116.573,\"end\":121.2,\"text\":\"或许会疲惫或许会彷徨\"},{\"start\":125.594,\"end\":129.9,\"text\":\"但你看啊蔷薇已攀上围墙\"},{\"start\":131.094,\"end\":137.79,\"text\":\"墨香浸润的年华从不荒凉\"},{\"start\":138.015,\"end\":146.23,\"text\":\"所有伏案的身影终将发光\"},{\"start\":149.976,\"end\":153.85,\"text\":\"凤凰花开在六月街旁\"},{\"start\":155.977,\"end\":161.35,\"text\":\"答卷上写着星辰宽广\"},{\"start\":161.998,\"end\":166.07,\"text\":\"故事未完待续的篇章\"},{\"start\":166.518,\"end\":170.85,\"text\":\"是昨日汗水折射的光\"}]', 1137, 0, 0, '2025-08-31 11:23:58', 1, 0);
INSERT INTO `music_info` VALUES ('980913797657', '100000000000', 'l2m_nPjTKiKNnaP4uLukY', 'WPXQMEDIj44DYAR', '春晨花语', NULL, '202508/MeboQrAzmPYrDkbUrhHJJ1eBgbj060.mp3', 96, '[{\"end\":10.672,\"start\":10.302,\"text\":\"<inst>\"},{\"end\":10.87,\"start\":10.722,\"text\":\"<verse>\"},{\"end\":16.66,\"start\":13.723,\"text\":\"清 晨 轻 风 拂 过 门 前 小 路\"},{\"end\":20.07,\"start\":17.184,\"text\":\"树 影 斑 驳 伴 随 轻 盈 的 脚 步\"},{\"end\":23.335,\"start\":20.644,\"text\":\"露 珠 闪 烁 映 在 明 亮 窗 台\"},{\"end\":26.676,\"start\":23.385,\"text\":\"春 光 洒 落 心 头 悄 然 温 度\"},{\"end\":27.256,\"start\":26.726,\"text\":\"<chorus>\"},{\"end\":33.79,\"start\":27.306,\"text\":\"鸟 声 叮 咛 笑 意 满 窗 外\"},{\"end\":40.59,\"start\":34.107,\"text\":\"花 香 随 风 依 偎 在 发 间\"},{\"end\":47.48,\"start\":43.969,\"text\":\"阳 光 轻 抚 舞 蹈 在 晨 光 里\"},{\"end\":54.601,\"start\":47.79,\"text\":\"世 界 柔 软 像 跳 动 的 心 弦\"},{\"end\":54.68,\"start\":54.651,\"text\":\"<chorus>\"},{\"end\":58.14,\"start\":55.131,\"text\":\"微 热 触 碰 微 笑 挂 在 脸\"},{\"end\":61.54,\"start\":58.492,\"text\":\"青 绿 渐 染 城 市 的 每 边\"},{\"end\":65.0,\"start\":61.953,\"text\":\"轻 轻 呼 吸 都 是 新 的 期 盼\"},{\"end\":68.31,\"start\":65.374,\"text\":\"春 日 早 晨 纯 净 不 言\"},{\"end\":68.784,\"start\":68.474,\"text\":\"<chorus>\"},{\"end\":71.88,\"start\":68.834,\"text\":\"细 雨 远 方 融 化 了 轻 寒\"},{\"end\":75.35,\"start\":72.255,\"text\":\"欢 声 笑 语 随 花 香 流 转\"},{\"end\":78.24,\"start\":75.696,\"text\":\"一 片 温 柔 缓 缓 在 身 边\"},{\"end\":82.1,\"start\":78.456,\"text\":\"快 乐 从 细 节 蔓 延\"},{\"end\":86.038,\"start\":86.018,\"text\":\"<inst>\"},{\"end\":96.0,\"start\":92.379,\"text\":\"<pad>\"}]', 2765, 0, 0, '2025-08-31 07:14:57', 1, 0);

-- ----------------------------
-- Table structure for music_info_action
-- ----------------------------
DROP TABLE IF EXISTS `music_info_action`;
CREATE TABLE `music_info_action`  (
  `action_id` int(11) NOT NULL AUTO_INCREMENT COMMENT '操作ID',
  `music_id` varchar(12) CHARACTER SET utf8mb4 COLLATE utf8mb4_general_ci NOT NULL COMMENT '音乐ID',
  `music_user_id` varchar(12) CHARACTER SET utf8mb4 COLLATE utf8mb4_general_ci NULL DEFAULT NULL COMMENT '音乐用户ID',
  `user_id` varchar(12) CHARACTER SET utf8mb4 COLLATE utf8mb4_general_ci NOT NULL COMMENT '用户ID',
  `action_type` tinyint(1) NULL DEFAULT NULL COMMENT '操作类型1:点赞',
  PRIMARY KEY (`action_id`) USING BTREE,
  UNIQUE INDEX `idx_key_user_music_id`(`music_id`, `user_id`) USING BTREE,
  INDEX `idx_user_id`(`user_id`) USING BTREE
) ENGINE = InnoDB AUTO_INCREMENT = 107 CHARACTER SET = utf8mb4 COLLATE = utf8mb4_general_ci COMMENT = '音乐操作' ROW_FORMAT = DYNAMIC;

-- ----------------------------
-- Records of music_info_action
-- ----------------------------
INSERT INTO `music_info_action` VALUES (96, '505261863345', '100000000000', '100000000000', 1);
INSERT INTO `music_info_action` VALUES (97, '695388713675', '100000000000', '100000000000', 1);
INSERT INTO `music_info_action` VALUES (98, '311585915301', '100000000000', '100000000000', 1);
INSERT INTO `music_info_action` VALUES (99, '339708617978', '100000000000', '100000000000', 1);
INSERT INTO `music_info_action` VALUES (100, '100520497267', '100000000000', '100000000000', 1);
INSERT INTO `music_info_action` VALUES (101, '263750282720', '100000000000', '100000000000', 1);
INSERT INTO `music_info_action` VALUES (102, '980913797657', '100000000000', '100000000000', 1);
INSERT INTO `music_info_action` VALUES (103, '695388713675', '100000000000', '363912285032', 1);
INSERT INTO `music_info_action` VALUES (104, '368762740894', '100000000000', '363912285032', 1);
INSERT INTO `music_info_action` VALUES (105, '636924136284', '100000000000', '100000000000', 1);
INSERT INTO `music_info_action` VALUES (106, '643026780309', '100000000000', '100000000000', 1);

-- ----------------------------
-- Table structure for pay_code_info
-- ----------------------------
DROP TABLE IF EXISTS `pay_code_info`;
CREATE TABLE `pay_code_info`  (
  `pay_code` varchar(8) CHARACTER SET utf8mb4 COLLATE utf8mb4_general_ci NOT NULL COMMENT '支付码',
  `amount` decimal(15, 2) NULL DEFAULT NULL COMMENT '金额',
  `create_time` datetime NULL DEFAULT NULL COMMENT '创建时间',
  `use_user_id` varchar(15) CHARACTER SET utf8mb4 COLLATE utf8mb4_general_ci NULL DEFAULT NULL COMMENT '使用用户ID',
  `use_time` datetime NULL DEFAULT NULL COMMENT '使用时间',
  `status` tinyint(1) NULL DEFAULT NULL COMMENT '状态 0:待使用 1:已使用',
  PRIMARY KEY (`pay_code`) USING BTREE
) ENGINE = InnoDB CHARACTER SET = utf8mb4 COLLATE = utf8mb4_general_ci COMMENT = '支付码' ROW_FORMAT = DYNAMIC;

-- ----------------------------
-- Records of pay_code_info
-- ----------------------------
INSERT INTO `pay_code_info` VALUES ('00101269', 1.20, '2025-09-07 10:26:25', '100000000000', '2025-09-07 10:26:42', 1);
INSERT INTO `pay_code_info` VALUES ('60852337', 1.20, '2025-09-07 10:44:49', NULL, NULL, 0);
INSERT INTO `pay_code_info` VALUES ('72321313', 1.00, '2025-08-30 22:40:40', '874391377680', '2025-08-30 22:04:47', 1);
INSERT INTO `pay_code_info` VALUES ('75579432', 1.00, '2025-08-30 22:05:38', '874391377680', '2025-08-30 22:05:53', 1);
INSERT INTO `pay_code_info` VALUES ('96533543', 1.20, '2025-09-07 10:03:54', '100000000000', '2025-09-07 10:04:02', 1);

-- ----------------------------
-- Table structure for pay_order_info
-- ----------------------------
DROP TABLE IF EXISTS `pay_order_info`;
CREATE TABLE `pay_order_info`  (
  `order_id` varchar(28) CHARACTER SET utf8mb4 COLLATE utf8mb4_general_ci NOT NULL COMMENT '支付了行',
  `user_id` varchar(12) CHARACTER SET utf8mb4 COLLATE utf8mb4_general_ci NULL DEFAULT NULL COMMENT '用户ID',
  `product_id` varchar(5) CHARACTER SET utf8mb4 COLLATE utf8mb4_general_ci NULL DEFAULT NULL COMMENT '商品ID',
  `product_name` varchar(150) CHARACTER SET utf8mb4 COLLATE utf8mb4_general_ci NULL DEFAULT NULL COMMENT '商品名称',
  `amount` decimal(5, 2) NULL DEFAULT NULL COMMENT '金额',
  `channel_order_id` varchar(30) CHARACTER SET utf8mb4 COLLATE utf8mb4_general_ci NULL DEFAULT NULL COMMENT '支付通道订单ID',
  `create_time` datetime NULL DEFAULT NULL COMMENT '订单创建时间',
  `pay_time` datetime NULL DEFAULT NULL COMMENT '支付时间',
  `status` tinyint(1) NULL DEFAULT NULL COMMENT '0:待支付 1:支付完成',
  `integral` int(11) NULL DEFAULT NULL COMMENT '购买积分',
  `pay_info` varchar(300) CHARACTER SET utf8mb4 COLLATE utf8mb4_general_ci NULL DEFAULT NULL COMMENT '支付信息',
  `pay_type` tinyint(1) NULL DEFAULT NULL COMMENT '支付类型',
  PRIMARY KEY (`order_id`) USING BTREE
) ENGINE = InnoDB CHARACTER SET = utf8mb4 COLLATE = utf8mb4_general_ci COMMENT = '支付订单信息' ROW_FORMAT = DYNAMIC;

-- ----------------------------
-- Records of pay_order_info
-- ----------------------------
INSERT INTO `pay_order_info` VALUES ('20250831144659WBJBW1XQV4E7QB', '100000000000', '15631', '体验卡', 1.20, NULL, '2025-08-31 06:47:01', NULL, -1, 120, 'weixin://wxpay/bizpayurl?pr=wssC6hpz1', 1);
INSERT INTO `pay_order_info` VALUES ('20250831151410PUOSEC3RIFZK9P', '100000000000', '15631', '体验卡', 1.20, '4200002780202508311308070808', '2025-08-31 07:14:12', '2025-08-31 07:14:27', 1, 120, 'weixin://wxpay/bizpayurl?pr=L8pufVlz1', 1);
INSERT INTO `pay_order_info` VALUES ('20250831202711A90PSC3B0HBPTE', '243091801061', '15631', '体验卡', 1.20, NULL, '2025-08-31 20:27:12', NULL, -1, 120, 'weixin://wxpay/bizpayurl?pr=I7n341lz3', 1);
INSERT INTO `pay_order_info` VALUES ('20250831202728HAX945NLTLQGI9', '243091801061', '15631', '体验卡', 1.20, '4200002733202508315975893088', '2025-08-31 20:27:29', '2025-08-31 20:27:38', 1, 120, 'weixin://wxpay/bizpayurl?pr=xHZYfq8z3', 1);
INSERT INTO `pay_order_info` VALUES ('20250901114004AXRSLXNZJB8EFU', '100000000000', '15631', '体验卡', 1.20, NULL, '2025-09-01 11:40:06', NULL, -1, 120, 'weixin://wxpay/bizpayurl?pr=TL3bmAuz1', 1);
INSERT INTO `pay_order_info` VALUES ('20250901200045MKGPFAGQFU6KKK', '363912285032', '15631', '体验卡', 1.20, NULL, '2025-09-01 20:00:46', NULL, -1, 120, 'weixin://wxpay/bizpayurl?pr=IykEsMUz3', 1);
INSERT INTO `pay_order_info` VALUES ('20250907100213OASMAXRFXFHW4R', '100000000000', '15631', '体验卡', 1.20, '4200002803202509074906590842', '2025-09-07 10:02:14', '2025-09-07 10:02:25', 1, 120, 'weixin://wxpay/bizpayurl?pr=vTysfjEz3', 1);
INSERT INTO `pay_order_info` VALUES ('20250907100402JDYBZFGH841FXO', '100000000000', '15631', '体验卡', 1.20, NULL, '2025-09-07 10:04:02', NULL, 1, 120, NULL, 0);
INSERT INTO `pay_order_info` VALUES ('20250907102544IZ3VYWVMSPMO1B', '100000000000', '15631', '体验卡', 1.20, '4200002872202509070839941281', '2025-09-07 10:25:45', '2025-09-07 10:25:55', 1, 120, 'weixin://wxpay/bizpayurl?pr=R9VT5vCz3', 1);
INSERT INTO `pay_order_info` VALUES ('20250907102641THSO4XJYRPR79P', '100000000000', '15631', '体验卡', 1.20, NULL, '2025-09-07 10:26:42', NULL, 1, 120, NULL, 0);

-- ----------------------------
-- Table structure for product_info
-- ----------------------------
DROP TABLE IF EXISTS `product_info`;
CREATE TABLE `product_info`  (
  `product_id` varchar(5) CHARACTER SET utf8mb4 COLLATE utf8mb4_general_ci NOT NULL COMMENT '商品ID',
  `product_name` varchar(150) CHARACTER SET utf8mb4 COLLATE utf8mb4_general_ci NULL DEFAULT NULL COMMENT '商品名称',
  `cover` varchar(30) CHARACTER SET utf8mb4 COLLATE utf8mb4_general_ci NULL DEFAULT NULL COMMENT '封面',
  `price` decimal(5, 2) NULL DEFAULT NULL COMMENT '价格',
  `product_description` varchar(300) CHARACTER SET utf8mb4 COLLATE utf8mb4_general_ci NULL DEFAULT NULL COMMENT '商品描述',
  `create_time` datetime NULL DEFAULT NULL COMMENT '创建时间',
  `onsale_type` tinyint(1) NULL DEFAULT NULL COMMENT '上架类型',
  `integral` int(11) NULL DEFAULT NULL COMMENT '购买积分',
  `sort` int(11) NULL DEFAULT NULL COMMENT '排序号',
  PRIMARY KEY (`product_id`) USING BTREE
) ENGINE = InnoDB CHARACTER SET = utf8mb4 COLLATE = utf8mb4_general_ci COMMENT = '商品信息' ROW_FORMAT = DYNAMIC;

-- ----------------------------
-- Records of product_info
-- ----------------------------
INSERT INTO `product_info` VALUES ('15631', '体验卡', '202508/1756621727996.png', 1.20, '体验卡，用于体验音乐创作，可以使用多种AI模型，生成音乐和纯音乐。', '2025-08-23 02:41:07', 1, 120, 1);
INSERT INTO `product_info` VALUES ('45675', '畅玩卡', '202508/1756621817320.png', 20.00, '适合有音乐情怀喜欢自制音乐的朋友，可以使用多种AI模型，生成音乐和纯音乐。', '2025-08-23 02:23:25', 1, 2000, 2);

-- ----------------------------
-- Table structure for sys_dict
-- ----------------------------
DROP TABLE IF EXISTS `sys_dict`;
CREATE TABLE `sys_dict`  (
  `dict_id` int(11) NOT NULL AUTO_INCREMENT COMMENT '字典ID',
  `dict_code` varchar(30) CHARACTER SET utf8mb4 COLLATE utf8mb4_general_ci NULL DEFAULT NULL COMMENT '字典编号',
  `dict_pcode` varchar(30) CHARACTER SET utf8mb4 COLLATE utf8mb4_general_ci NULL DEFAULT NULL COMMENT '父级字典ID',
  `dict_value` varchar(50) CHARACTER SET utf8mb4 COLLATE utf8mb4_general_ci NULL DEFAULT NULL COMMENT '字典值',
  `dict_desc` varchar(300) CHARACTER SET utf8mb4 COLLATE utf8mb4_general_ci NULL DEFAULT NULL COMMENT '字典描述',
  `sort` tinyint(1) NULL DEFAULT NULL COMMENT '排序号',
  PRIMARY KEY (`dict_id`) USING BTREE
) ENGINE = InnoDB AUTO_INCREMENT = 101 CHARACTER SET = utf8mb4 COLLATE = utf8mb4_general_ci COMMENT = '系统字典' ROW_FORMAT = DYNAMIC;

-- ----------------------------
-- Records of sys_dict
-- ----------------------------
INSERT INTO `sys_dict` VALUES (17, 'music_model', '0', '', '音乐模型', NULL);
INSERT INTO `sys_dict` VALUES (18, 'V3', 'music_model', '30', '生成最长120s的音乐(30积分/首)', 1);
INSERT INTO `sys_dict` VALUES (19, 'V3.5', 'music_model', '40', '生成最长270s的音乐(40积分/首)', 2);
INSERT INTO `sys_dict` VALUES (20, 'music_model_pure', '0', NULL, '纯音乐模型', NULL);
INSERT INTO `sys_dict` VALUES (21, 'V3', 'music_model_pure', '25', '生成最长120s的纯音乐(25积分/首)', 1);
INSERT INTO `sys_dict` VALUES (22, 'V3.5', 'music_model_pure', '35', '生成最长270s的纯音乐(35积分/首)', 2);
INSERT INTO `sys_dict` VALUES (23, 'music_grenre', '0', NULL, '曲风', 0);
INSERT INTO `sys_dict` VALUES (24, '流行', 'music_grenre', '', '', 1);
INSERT INTO `sys_dict` VALUES (25, '摇滚', 'music_grenre', '', '', 2);
INSERT INTO `sys_dict` VALUES (26, '迪斯科', 'music_grenre', '', NULL, 3);
INSERT INTO `sys_dict` VALUES (27, '电子', 'music_grenre', '', NULL, 4);
INSERT INTO `sys_dict` VALUES (28, '民谣', 'music_grenre', '', NULL, 5);
INSERT INTO `sys_dict` VALUES (29, '放克', 'music_grenre', '', NULL, 6);
INSERT INTO `sys_dict` VALUES (30, '乡村', 'music_grenre', '', NULL, 7);
INSERT INTO `sys_dict` VALUES (31, '爵士', 'music_grenre', '', NULL, 8);
INSERT INTO `sys_dict` VALUES (32, '嘻哈', 'music_grenre', '', NULL, 9);
INSERT INTO `sys_dict` VALUES (33, '金属', 'music_grenre', '', NULL, 10);
INSERT INTO `sys_dict` VALUES (34, '蓝调', 'music_grenre', '', NULL, 11);
INSERT INTO `sys_dict` VALUES (35, '朋克', 'music_grenre', '', NULL, 12);
INSERT INTO `sys_dict` VALUES (36, 'music_emotion', '0', NULL, '情绪', 0);
INSERT INTO `sys_dict` VALUES (37, '放松', 'music_emotion', '', '', 1);
INSERT INTO `sys_dict` VALUES (38, '生气', 'music_emotion', '', '', 2);
INSERT INTO `sys_dict` VALUES (39, '快乐', 'music_emotion', '', '', 3);
INSERT INTO `sys_dict` VALUES (40, '悲伤', 'music_emotion', '', '', 4);
INSERT INTO `sys_dict` VALUES (41, '冷静', 'music_emotion', '', '', 5);
INSERT INTO `sys_dict` VALUES (42, '灵感', 'music_emotion', '', '', 6);
INSERT INTO `sys_dict` VALUES (43, '神秘', 'music_emotion', '', '', 7);
INSERT INTO `sys_dict` VALUES (44, '雄伟', 'music_emotion', '', '', 8);
INSERT INTO `sys_dict` VALUES (45, '古怪', 'music_emotion', '', '', 9);
INSERT INTO `sys_dict` VALUES (46, '充满活力', 'music_emotion', '', '', 10);
INSERT INTO `sys_dict` VALUES (47, 'music_sex', '0', NULL, '人声', 0);
INSERT INTO `sys_dict` VALUES (48, '女声', 'music_sex', '', '', 1);
INSERT INTO `sys_dict` VALUES (49, '男声', 'music_sex', '', '', 2);
INSERT INTO `sys_dict` VALUES (50, 'music_prompt', '0', NULL, '音乐提示词', 0);
INSERT INTO `sys_dict` VALUES (51, '一首梦幻的浪漫歌曲，讲述霓虹灯下时间仿佛静止，每一刻都令人难', 'music_prompt', NULL, NULL, 1);
INSERT INTO `sys_dict` VALUES (52, '一首充满力量的主题曲，强烈的嗓音和鼓舞人心的节拍，讲述一起征', 'music_prompt', '', '', 2);
INSERT INTO `sys_dict` VALUES (53, '一首充满活力的浪漫歌曲，分享一个魔幻之吻', 'music_prompt', NULL, NULL, 3);
INSERT INTO `sys_dict` VALUES (54, '一首反思性歌曲，带有令人难忘的旋律和强有力的重复副歌', 'music_prompt', NULL, NULL, 4);
INSERT INTO `sys_dict` VALUES (55, '一首描述一只猫头鹰在月光下跳舞的歌曲', 'music_prompt', NULL, NULL, 5);
INSERT INTO `sys_dict` VALUES (56, '创作一首适合雨天聆听的民谣', 'music_prompt', NULL, NULL, 6);
INSERT INTO `sys_dict` VALUES (57, '为雨后的清新小镇创作宁静之歌', 'music_prompt', NULL, NULL, 7);
INSERT INTO `sys_dict` VALUES (58, '写一首甜蜜浪漫的情人节情歌', 'music_prompt', NULL, NULL, 8);
INSERT INTO `sys_dict` VALUES (61, '一首充满力量的主题曲，强烈的嗓音和鼓舞人心的节拍，讲述一起征', 'music_prompt', NULL, NULL, 11);
INSERT INTO `sys_dict` VALUES (62, 'music_prompt_pure', '0', '', '纯音乐提示词', 0);
INSERT INTO `sys_dict` VALUES (63, '轻快的原声吉他搭配轻打击乐，非常适合旅行剪辑和日常生活。', 'music_prompt_pure', NULL, NULL, 1);
INSERT INTO `sys_dict` VALUES (64, '欢快的尤克里里旋律配以轻柔的钢琴，适合生活方式和烹饪视频博客', 'music_prompt_pure', NULL, NULL, 2);
INSERT INTO `sys_dict` VALUES (65, '带有微妙键盘的低保真嘻哈节拍，非常适合学习环节和桌面导览。', 'music_prompt_pure', NULL, NULL, 3);
INSERT INTO `sys_dict` VALUES (66, '带有合成器音波的充满活力的电子流行音乐，科技评测和开箱视频。', 'music_prompt_pure', NULL, NULL, 4);
INSERT INTO `sys_dict` VALUES (67, '带有木琴和轻鼓的趣味器乐，非常适合家庭和儿童友好的内容。', 'music_prompt_pure', NULL, NULL, 5);
INSERT INTO `sys_dict` VALUES (68, '带有柔和音垫的环境电子音乐，适合自然漫步和宁静时刻。', 'music_prompt_pure', NULL, NULL, 6);
INSERT INTO `sys_dict` VALUES (69, '带有渐进弦乐的鼓舞人心的钢琴，励志内容。', 'music_prompt_pure', NULL, NULL, 7);
INSERT INTO `sys_dict` VALUES (70, '奇特的复古合成器搭配有趣的贝斯，非常适合喜剧视频博客和挑战。', 'music_prompt_pure', NULL, NULL, 8);
INSERT INTO `sys_dict` VALUES (71, '带有丝滑萨克斯风的轻松爵士休息室音乐，适合城市观光和咖啡店场', 'music_prompt_pure', NULL, NULL, 9);
INSERT INTO `sys_dict` VALUES (72, '带有现代节拍的动感打击乐，健身和体育视频博客。', 'music_prompt_pure', NULL, NULL, 10);
INSERT INTO `sys_dict` VALUES (73, '极简环境嗡鸣声配以偶尔的风铃声，非常适合深度思考和解决问题。', 'music_prompt_pure', NULL, NULL, 11);
INSERT INTO `sys_dict` VALUES (74, '平静的自然声音配以远处的钢琴，非常适合放松和减压。', 'music_prompt_pure', NULL, NULL, 12);
INSERT INTO `sys_dict` VALUES (75, '柔和的合成器声波配以轻柔的打击乐，完美适合深夜工作环节。', 'music_prompt_pure', NULL, NULL, 13);
INSERT INTO `sys_dict` VALUES (76, '极简钢琴配以柔和的氛围纹理，完美适合深度工作和专注。', 'music_prompt_pure', NULL, NULL, 14);
INSERT INTO `sys_dict` VALUES (77, '写一首温柔如初的民谣情歌', 'music_prompt', NULL, NULL, 0);
INSERT INTO `sys_dict` VALUES (78, '写一首关于舞蹈节奏的活力之歌，使用电子风格', 'music_prompt', NULL, NULL, 0);
INSERT INTO `sys_dict` VALUES (79, '写一首关于冬日初雪的宁静之歌，使用民谣风格', 'music_prompt', NULL, NULL, 0);
INSERT INTO `sys_dict` VALUES (80, '写一首春日樱花绽放的浪漫之歌，使用流行风格', 'music_prompt', NULL, NULL, 0);
INSERT INTO `sys_dict` VALUES (81, '为一次热气球之旅打造梦幻升空的旋律', 'music_prompt', NULL, NULL, 0);
INSERT INTO `sys_dict` VALUES (82, '夏日夜晚，微风与星空相伴', 'music_prompt', NULL, NULL, 0);
INSERT INTO `sys_dict` VALUES (83, '春日早晨，鸟鸣与花香交织', 'music_prompt', NULL, NULL, 0);
INSERT INTO `sys_dict` VALUES (84, '深夜书房，灯火与书籍相伴', 'music_prompt', NULL, NULL, 0);
INSERT INTO `sys_dict` VALUES (85, '写一首送给离别恋人的歌，使用民谣风格', 'music_prompt', NULL, NULL, 0);
INSERT INTO `sys_dict` VALUES (86, '创作一首流行乐，感受都市的宁静', 'music_prompt', NULL, NULL, 0);
INSERT INTO `sys_dict` VALUES (87, '写一首关于星际旅行的歌，使用电子风格', 'music_prompt', NULL, NULL, 0);
INSERT INTO `sys_dict` VALUES (88, '创作一首充满力量的说唱，传递正能量与不屈精神', 'music_prompt', NULL, NULL, 0);
INSERT INTO `sys_dict` VALUES (89, '想要一首适合早晨起床时听的清新音乐', 'music_prompt_pure', NULL, NULL, 0);
INSERT INTO `sys_dict` VALUES (90, '适合晚上酒吧听的爵士蓝调', 'music_prompt_pure', NULL, NULL, 0);
INSERT INTO `sys_dict` VALUES (91, '适合海边看日落时听的宁静音乐', 'music_prompt_pure', NULL, NULL, 0);
INSERT INTO `sys_dict` VALUES (92, '来一首适合独自旅行时听的自由音乐', 'music_prompt_pure', NULL, NULL, 0);
INSERT INTO `sys_dict` VALUES (93, '想要一首适合冬日暖阳下的温馨音乐', 'music_prompt_pure', NULL, NULL, 0);
INSERT INTO `sys_dict` VALUES (94, '来一首适合夜晚驾车时听的动感音乐', 'music_prompt_pure', NULL, NULL, 0);
INSERT INTO `sys_dict` VALUES (95, '来一首适合团建时激发团队精神的快节奏音乐', 'music_prompt_pure', NULL, NULL, 0);
INSERT INTO `sys_dict` VALUES (96, '来一首适合工作间隙放松的轻松音乐', 'music_prompt_pure', NULL, NULL, 0);
INSERT INTO `sys_dict` VALUES (97, '一首适合骑行时听的歌', 'music_prompt_pure', NULL, NULL, 0);
INSERT INTO `sys_dict` VALUES (98, '来一首适合秋天落叶时听的感伤音乐', 'music_prompt_pure', NULL, NULL, 0);
INSERT INTO `sys_dict` VALUES (99, '适合夜晚读书时听的古典音乐', 'music_prompt_pure', NULL, NULL, 0);
INSERT INTO `sys_dict` VALUES (100, '想要一首适合家庭聚会时听的欢快音乐', 'music_prompt_pure', NULL, NULL, 0);

-- ----------------------------
-- Table structure for user_info
-- ----------------------------
DROP TABLE IF EXISTS `user_info`;
CREATE TABLE `user_info`  (
  `user_id` varchar(12) CHARACTER SET utf8mb4 COLLATE utf8mb4_general_ci NOT NULL COMMENT '用户ID',
  `email` varchar(50) CHARACTER SET utf8mb4 COLLATE utf8mb4_general_ci NULL DEFAULT NULL COMMENT '邮箱',
  `nick_name` varchar(20) CHARACTER SET utf8mb4 COLLATE utf8mb4_general_ci NULL DEFAULT NULL COMMENT '昵称',
  `avatar` varchar(50) CHARACTER SET utf8mb4 COLLATE utf8mb4_general_ci NULL DEFAULT NULL COMMENT '用户头像',
  `password` varchar(32) CHARACTER SET utf8mb4 COLLATE utf8mb4_general_ci NULL DEFAULT NULL COMMENT '密码',
  `status` tinyint(1) NULL DEFAULT NULL COMMENT '状态',
  `create_time` datetime NULL DEFAULT NULL COMMENT '创建时间',
  `last_login_time` datetime NULL DEFAULT NULL COMMENT '最后登录时间',
  `integral` int(11) NULL DEFAULT 0 COMMENT '积分',
  PRIMARY KEY (`user_id`) USING BTREE,
  UNIQUE INDEX `idx_key_email`(`email`) USING BTREE
) ENGINE = InnoDB CHARACTER SET = utf8mb4 COLLATE = utf8mb4_general_ci COMMENT = '用户信息' ROW_FORMAT = DYNAMIC;

-- ----------------------------
-- Records of user_info
-- ----------------------------
INSERT INTO `user_info` VALUES ('100000000000', 'test@qq.com', '程序员老罗', 'avatar/100000000000.png&1756622795386', '47ec2dd791e31e2ef2076caf64ed9b3d', 1, '2025-08-31 06:44:57', '2025-09-07 09:45:33', 480);
INSERT INTO `user_info` VALUES ('243091801061', 'test02@qq.com', '测试账号', 'avatar/243091801061.png', '47ec2dd791e31e2ef2076caf64ed9b3d', 1, '2025-08-31 20:26:44', '2025-08-31 20:26:58', 90);

-- ----------------------------
-- Table structure for user_integral_record
-- ----------------------------
DROP TABLE IF EXISTS `user_integral_record`;
CREATE TABLE `user_integral_record`  (
  `record_id` int(11) NOT NULL AUTO_INCREMENT COMMENT '自增ID',
  `user_id` varchar(12) CHARACTER SET utf8mb4 COLLATE utf8mb4_general_ci NULL DEFAULT NULL COMMENT '用户ID',
  `change_integral` int(11) NULL DEFAULT NULL COMMENT '积分',
  `create_time` datetime NULL DEFAULT NULL COMMENT '创建时间',
  `record_type` tinyint(4) NULL DEFAULT NULL COMMENT '记录类型 0:创作失败退回 1:创作消耗 2:充值 3:系统赠送',
  `business_id` varchar(30) CHARACTER SET utf8mb4 COLLATE utf8mb4_general_ci NULL DEFAULT NULL COMMENT '业务ID',
  `amount` decimal(5, 2) NULL DEFAULT NULL COMMENT '充值金额',
  PRIMARY KEY (`record_id`) USING BTREE,
  INDEX `idx_user_id`(`user_id`) USING BTREE
) ENGINE = InnoDB AUTO_INCREMENT = 10042 CHARACTER SET = utf8mb4 COLLATE = utf8mb4_general_ci COMMENT = '用户积分记录信息' ROW_FORMAT = DYNAMIC;

-- ----------------------------
-- Records of user_integral_record
-- ----------------------------
INSERT INTO `user_integral_record` VALUES (10031, '100000000000', 120, '2025-08-31 07:14:27', 2, '20250831151410PUOSEC3RIFZK9P', 1.20);
INSERT INTO `user_integral_record` VALUES (10032, '100000000000', -30, '2025-08-31 07:14:57', 1, 'WPXQMEDIj44DYAR', NULL);
INSERT INTO `user_integral_record` VALUES (10033, '243091801061', 120, '2025-08-31 20:27:38', 2, '20250831202728HAX945NLTLQGI9', 1.20);
INSERT INTO `user_integral_record` VALUES (10034, '243091801061', -30, '2025-08-31 20:28:06', 1, 'SZHiTTrXUsrFKME', NULL);
INSERT INTO `user_integral_record` VALUES (10035, '100000000000', -30, '2025-09-07 09:49:27', 1, 'r0aUpgKzrXZgn1Q', NULL);
INSERT INTO `user_integral_record` VALUES (10036, '100000000000', -30, '2025-09-07 09:58:28', 1, '7So8DVIUdsDWttT', NULL);
INSERT INTO `user_integral_record` VALUES (10037, '100000000000', 120, '2025-09-07 10:02:25', 2, '20250907100213OASMAXRFXFHW4R', 1.20);
INSERT INTO `user_integral_record` VALUES (10038, '100000000000', 120, '2025-09-07 10:04:02', 2, '20250907100402JDYBZFGH841FXO', 1.20);
INSERT INTO `user_integral_record` VALUES (10039, '100000000000', -30, '2025-09-07 10:23:09', 1, 'R8d7LlMbbq6ryAv', NULL);
INSERT INTO `user_integral_record` VALUES (10040, '100000000000', 120, '2025-09-07 10:25:55', 2, '20250907102544IZ3VYWVMSPMO1B', 1.20);
INSERT INTO `user_integral_record` VALUES (10041, '100000000000', 120, '2025-09-07 10:26:42', 2, '20250907102641THSO4XJYRPR79P', 1.20);

SET FOREIGN_KEY_CHECKS = 1;
